State,County,Name,all_building_permits,COUNTY_FIPS,Year,RUCC_CODE,Unemp_Rate,SNAP_recipients,Population,Prop_SNAP_recipients
6,1,Alameda County,4529,6001,1994,0,6.1,120735,1336359,0.0903462318134573
6,3,Alpine County,38,6003,1994,9,10.3,130,1184,0.109797297297297
6,5,Amador County,312,6005,1994,6,8.1,1298,32693,0.0397026886489463
6,7,Butte County,1446,6007,1994,3,10.3,25442,191811,0.13264098513641
6,9,Calaveras County,726,6009,1994,6,11.2,3226,37097,0.0869612098013316
6,11,Colusa County,148,6011,1994,6,19,1673,17331,0.0965322254918931
6,13,Contra Costa County,7400,6013,1994,0,6.2,54248,859872,0.0630884596777195
6,15,Del Norte County,248,6015,1994,7,12.1,4225,27063,0.156117207996157
6,17,El Dorado County,1866,6017,1994,1,7.2,6965,144961,0.0480474058539883
6,19,Fresno County,7717,6019,1994,2,14.2,164080,727869,0.225425179530932
6,21,Glenn County,156,6021,1994,6,16,3603,25783,0.139743241670868
6,23,Humboldt County,846,6023,1994,5,8.6,15498,121480,0.127576555811656
6,25,Imperial County,1326,6025,1994,4,26.3,22650,136248,0.166240972344548
6,27,Inyo County,90,6027,1994,7,10.5,1743,18450,0.0944715447154472
6,29,Kern County,5510,6029,1994,2,15.1,92009,608858,0.151117337704358
6,31,Kings County,1326,6031,1994,4,14.2,15567,110146,0.141330597570497
6,33,Lake County,386,6033,1994,6,12.4,9059,55243,0.163984577231504
6,35,Lassen County,143,6035,1994,6,11.3,2842,28062,0.101275746561186
6,37,Los Angeles County,10025,6037,1994,0,9.3,957611,9048129,0.105835250580534
6,39,Madera County,1184,6039,1994,2,15.3,13314,105181,0.126581797092631
6,41,Marin County,644,6041,1994,0,4.6,6164,234777,0.0262547012697155
6,43,Mariposa County,168,6043,1994,8,9.5,1531,15553,0.0984376004629332
6,45,Mendocino County,544,6045,1994,4,9.6,9456,81791,0.115611742123217
6,47,Merced County,2116,6047,1994,3,16.1,40305,195205,0.206475243974283
6,49,Modoc County,22,6049,1994,7,11.9,1474,9682,0.152241272464367
6,51,Mono County,148,6051,1994,7,10.3,434,10559,0.0411023771190454
6,53,Monterey County,2706,6053,1994,2,12.3,26251,342872,0.0765620989757111
6,55,Napa County,768,6055,1994,0,6.9,5241,114956,0.0455913566929956
6,57,Nevada County,1426,6057,1994,4,7.4,4384,85644,0.0511886413525758
6,59,Orange County,16334,6059,1994,0,5.7,145082,2541371,0.057088083558048
6,61,Placer County,5288,6061,1994,1,6.6,10333,198429,0.0520740415967424
6,63,Plumas County,394,6063,1994,6,14.3,1283,20540,0.0624634858812074
6,65,Riverside County,15401,6065,1994,0,10.6,112797,1354966,0.0832471073074896
6,67,Sacramento County,9290,6067,1994,0,7.2,153004,1119846,0.13662950084208
6,69,San Benito County,866,6069,1994,6,13.9,3283,40728,0.0806079355725791
6,71,San Bernardino County,9381,6071,1994,0,8.6,208844,1553732,0.13441442925807
6,73,San Diego County,11078,6073,1994,0,7.1,193924,2626939,0.0738212802048316
6,75,San Francisco County,400,6075,1994,0,6.4,54310,729051,0.0744941026073622
6,77,San Joaquin County,4528,6077,1994,2,12.8,74001,516797,0.143191620694393
6,79,San Luis Obispo County,2024,6079,1994,3,7.2,10498,223264,0.0470205675791888
6,81,San Mateo County,1278,6081,1994,0,4.7,17641,673139,0.0262070686737806
6,83,Santa Barbara County,1193,6083,1994,2,7.2,23186,381528,0.0607714243777652
6,85,Santa Clara County,4632,6085,1994,0,6.3,104172,1550060,0.0672051404461763
6,87,Santa Cruz County,860,6087,1994,0,9.7,14778,234059,0.0631379267620557
6,89,Shasta County,1823,6089,1994,3,12.1,20666,159684,0.129418100748979
6,91,Sierra County,38,6091,1994,8,10.1,242,3329,0.0726945028537098
6,93,Siskiyou County,272,6093,1994,7,14,5621,43972,0.127831347220959
6,95,Solano County,2848,6095,1994,0,7.6,25702,365383,0.0703426267779289
6,97,Sonoma County,4468,6097,1994,0,5.8,20363,410123,0.0496509583710253
6,99,Stanislaus County,2878,6099,1994,2,15.8,50941,405152,0.125733058210252
6,101,Sutter County,922,6101,1994,3,16.6,6804,72697,0.0935939584852195
6,103,Tehama County,484,6103,1994,6,11.3,7454,52945,0.140787609783738
6,105,Trinity County,108,6105,1994,6,14.9,1544,13479,0.114548557014615
6,107,Tulare County,3564,6107,1994,2,16.3,66229,342838,0.193178702477555
6,109,Tuolumne County,448,6109,1994,6,11,4042,51877,0.0779150683347148
6,111,Ventura County,3558,6111,1994,0,7.9,38103,698901,0.0545184511111016
6,113,Yolo County,1081,6113,1994,0,6.8,14873,145796,0.102012400888913
6,115,Yuba County,292,6115,1994,3,15.8,12289,61695,0.1991895615528
6,1,Alameda County,4602,6001,1995,0,5.7,124798,1340267,0.0931142824526755
6,3,Alpine County,40,6003,1995,9,10.6,173,1227,0.140994295028525
6,5,Amador County,383,6005,1995,6,8,1538,32976,0.0466399805919457
6,7,Butte County,1342,6007,1995,3,9.9,27160,192543,0.141059399718504
6,9,Calaveras County,534,6009,1995,6,11,3309,37729,0.0877044183519309
6,11,Colusa County,111,6011,1995,6,19.7,1730,17679,0.0978562135867413
6,13,Contra Costa County,6182,6013,1995,0,5.7,54816,869437,0.0630476963828316
6,15,Del Norte County,114,6015,1995,7,12.3,4396,26726,0.164484023048717
6,17,El Dorado County,1746,6017,1995,1,6.9,7644,148185,0.051584168438101
6,19,Fresno County,6466,6019,1995,2,14,139286,734615,0.189604078326743
6,21,Glenn County,84,6021,1995,6,15.5,3239,26008,0.124538603506613
6,23,Humboldt County,774,6023,1995,5,8.3,14940,122814,0.121647369192437
6,25,Imperial County,732,6025,1995,4,29.2,25815,139418,0.185162604541738
6,27,Inyo County,32,6027,1995,7,9.4,1833,18420,0.0995114006514658
6,29,Kern County,5448,6029,1995,2,13.8,92488,612897,0.150903006541066
6,31,Kings County,1356,6031,1995,4,14.5,16192,112076,0.144473393054713
6,33,Lake County,270,6033,1995,6,11.7,9111,55230,0.164964693101575
6,35,Lassen County,243,6035,1995,6,11,2586,28296,0.0913910093299406
6,37,Los Angeles County,9850,6037,1995,0,8,1045474,9029470,0.115784647382405
6,39,Madera County,1316,6039,1995,2,14.9,15454,106535,0.145060308818698
6,41,Marin County,721,6041,1995,0,4.3,6621,233943,0.0283017658147497
6,43,Mariposa County,164,6043,1995,8,9.3,1795,15652,0.114681829798109
6,45,Mendocino County,502,6045,1995,4,9.5,10671,82483,0.129372113041475
6,47,Merced County,1533,6047,1995,3,17,44317,192175,0.23060751918824
6,49,Modoc County,0,6049,1995,7,13.2,1408,9578,0.147003549801629
6,51,Mono County,119,6051,1995,7,10.8,391,10488,0.037280701754386
6,53,Monterey County,2310,6053,1995,2,12.3,29190,343082,0.0850817005846999
6,55,Napa County,604,6055,1995,0,6.2,4697,115320,0.0407301422129726
6,57,Nevada County,1232,6057,1995,4,7.5,4647,87105,0.0533494058894438
6,59,Orange County,12501,6059,1995,0,5.1,150829,2572393,0.0586337313155494
6,61,Placer County,4912,6061,1995,1,6.1,10094,205963,0.0490088025519147
6,63,Plumas County,218,6063,1995,6,13.2,1609,20518,0.0784189492153231
6,65,Riverside County,13440,6065,1995,0,9.4,115507,1383646,0.083480167615127
6,67,Sacramento County,7196,6067,1995,0,6.8,163660,1128394,0.145037992048877
6,69,San Benito County,812,6069,1995,6,13.6,3436,42267,0.0812927342844299
6,71,San Bernardino County,7576,6071,1995,0,7.9,220323,1569793,0.140351625978712
6,73,San Diego County,10070,6073,1995,0,6.3,203520,2641561,0.0770453531074997
6,75,San Francisco County,388,6075,1995,0,6,55525,730628,0.0759962662257674
6,77,San Joaquin County,4416,6077,1995,2,12.3,76834,523653,0.146726935585206
6,79,San Luis Obispo County,1724,6079,1995,3,6.6,12060,225664,0.0534422858763471
6,81,San Mateo County,1604,6081,1995,0,4.2,18966,677837,0.0279801781254195
6,83,Santa Barbara County,1299,6083,1995,2,6.7,25200,381289,0.0660915998101178
6,85,Santa Clara County,4686,6085,1995,0,4.9,103241,1566760,0.0658945850034466
6,87,Santa Cruz County,744,6087,1995,0,9.3,16421,234717,0.0699608464661699
6,89,Shasta County,1372,6089,1995,3,11.3,21391,160510,0.133268955205283
6,91,Sierra County,36,6091,1995,8,9.7,209,3380,0.0618343195266272
6,93,Siskiyou County,294,6093,1995,7,14.3,5814,44221,0.131475995567717
6,95,Solano County,1944,6095,1995,0,7.9,29266,364191,0.0803589325381462
6,97,Sonoma County,3320,6097,1995,0,5.5,22751,414688,0.0548629330966896
6,99,Stanislaus County,2570,6099,1995,2,15.4,55605,408919,0.135980475350864
6,101,Sutter County,684,6101,1995,3,17.1,7637,74354,0.102711353794012
6,103,Tehama County,378,6103,1995,6,11.3,7342,53771,0.136542002194491
6,105,Trinity County,72,6105,1995,6,14.6,1495,13436,0.111268234593629
6,107,Tulare County,2926,6107,1995,2,16.7,68186,344633,0.197851047346017
6,109,Tuolumne County,366,6109,1995,6,10.8,4287,51564,0.0831393995811031
6,111,Ventura County,3990,6111,1995,0,7.4,41436,703990,0.0588587906078211
6,113,Yolo County,1223,6113,1995,0,6.9,14699,147399,0.0997225218624278
6,115,Yuba County,214,6115,1995,3,14.9,13731,61012,0.225054087720448
6,1,Alameda County,5642,6001,1996,0,5.1,124798,1351804,0.0923195966279135
6,3,Alpine County,28,6003,1996,9,10,173,1239,0.139628732849072
6,5,Amador County,256,6005,1996,6,6.7,1538,33214,0.0463057746733305
6,7,Butte County,1254,6007,1996,3,9.1,27160,192116,0.141372920527182
6,9,Calaveras County,456,6009,1996,6,9.3,3309,38476,0.0860016633745712
6,11,Colusa County,70,6011,1996,6,19.8,1730,18033,0.0959352298563744
6,13,Contra Costa County,6238,6013,1996,0,5,54816,881213,0.0622051649260735
6,15,Del Norte County,104,6015,1996,7,10.4,4396,26864,0.163639070875521
6,17,El Dorado County,2256,6017,1996,1,6.3,7644,151257,0.0505365040956782
6,19,Fresno County,6105,6019,1996,2,13.3,139286,743479,0.187343556442078
6,21,Glenn County,158,6021,1996,6,15.2,3239,26111,0.124047336371644
6,23,Humboldt County,623,6023,1996,5,7.7,14940,122421,0.122037885656873
6,25,Imperial County,650,6025,1996,4,29.8,25815,140921,0.183187743487486
6,27,Inyo County,46,6027,1996,7,8.6,1833,18338,0.099956374740975
6,29,Kern County,4930,6029,1996,2,12.9,92488,618020,0.149652114818291
6,31,Kings County,1098,6031,1996,4,13.2,16192,113329,0.142876051143132
6,33,Lake County,197,6033,1996,6,11.6,9111,55098,0.16535990417075
6,35,Lassen County,108,6035,1996,6,10.8,2586,31270,0.0826990725935401
6,37,Los Angeles County,9566,6037,1996,0,8.1,1045474,9056547,0.115438477821625
6,39,Madera County,1096,6039,1996,2,14.2,15454,109751,0.140809650937121
6,41,Marin County,728,6041,1996,0,3.4,6621,232489,0.028478766737351
6,43,Mariposa County,184,6043,1996,8,8.9,1795,15836,0.11334933063905
6,45,Mendocino County,410,6045,1996,4,8.7,10671,82930,0.128674785964066
6,47,Merced County,1698,6047,1996,3,16.6,44317,190991,0.232037111696363
6,49,Modoc County,0,6049,1996,7,12.1,1408,9642,0.146027795063265
6,51,Mono County,104,6051,1996,7,10.8,391,10400,0.0375961538461539
6,53,Monterey County,2423,6053,1996,2,11.3,29190,347292,0.0840503092498532
6,55,Napa County,458,6055,1996,0,6,4697,116387,0.0403567408731216
6,57,Nevada County,1064,6057,1996,4,6.9,4647,88579,0.0524616444078168
6,59,Orange County,14615,6059,1996,0,4.2,150829,2606488,0.0578667540383842
6,61,Placer County,5502,6061,1996,1,5.4,10094,213335,0.0473152553495676
6,63,Plumas County,244,6063,1996,6,12.2,1609,20414,0.0788184579210346
6,65,Riverside County,14060,6065,1996,0,8.3,115507,1406769,0.0821080077823722
6,67,Sacramento County,7236,6067,1996,0,6.2,163660,1141118,0.143420750527115
6,69,San Benito County,835,6069,1996,6,11.8,3436,44089,0.0779332713375218
6,71,San Bernardino County,9315,6071,1996,0,7.4,220323,1588541,0.138695192632737
6,73,San Diego County,12138,6073,1996,0,5.3,203520,2673685,0.0761196625630918
6,75,San Francisco County,578,6075,1996,0,4.8,55525,735228,0.0755207908295114
6,77,San Joaquin County,4262,6077,1996,2,11.3,76834,531560,0.14454435999699
6,79,San Luis Obispo County,2173,6079,1996,3,5.6,12060,228546,0.052768370481216
6,81,San Mateo County,1363,6081,1996,0,3.4,18966,685365,0.0276728458558578
6,83,Santa Barbara County,1345,6083,1996,2,5.8,25200,382215,0.0659314783564224
6,85,Santa Clara County,8602,6085,1996,0,3.7,103241,1593625,0.0647837477449212
6,87,Santa Cruz County,778,6087,1996,0,8.5,16421,235633,0.0696888805897306
6,89,Shasta County,1206,6089,1996,3,10,21391,161327,0.132594048113459
6,91,Sierra County,20,6091,1996,8,11.2,209,3396,0.0615429917550059
6,93,Siskiyou County,234,6093,1996,7,13.7,5814,44058,0.131962413182623
6,95,Solano County,2546,6095,1996,0,7.7,29266,366408,0.079872710202834
6,97,Sonoma County,2823,6097,1996,0,4.5,22751,419268,0.0542636213591307
6,99,Stanislaus County,2654,6099,1996,2,14.3,55605,413484,0.134479205966857
6,101,Sutter County,574,6101,1996,3,16,7637,75366,0.10133216569806
6,103,Tehama County,292,6103,1996,6,10.7,7342,53863,0.136308783394909
6,105,Trinity County,68,6105,1996,6,14.6,1495,13382,0.111717232102825
6,107,Tulare County,2611,6107,1996,2,16.2,68186,346607,0.196724243884284
6,109,Tuolumne County,314,6109,1996,6,10.2,4287,52173,0.0821689379564142
6,111,Ventura County,4137,6111,1996,0,7.2,41436,710920,0.0582850391042593
6,113,Yolo County,1396,6113,1996,0,6.4,14699,149077,0.0986000523219544
6,115,Yuba County,210,6115,1996,3,14.1,13731,60842,0.22568291640643
6,1,Alameda County,8496,6001,1997,0,4.5,89823,1372202,0.0654590213394238
6,3,Alpine County,18,6003,1997,9,9.3,99,1212,0.0816831683168317
6,5,Amador County,184,6005,1997,6,6.1,1264,33423,0.0378182688567753
6,7,Butte County,1266,6007,1997,3,8.7,22419,193061,0.116123919382993
6,9,Calaveras County,500,6009,1997,6,9.1,2743,39144,0.07007459636215
6,11,Colusa County,84,6011,1997,6,18.9,1330,18425,0.0721845318860244
6,13,Contra Costa County,6301,6013,1997,0,4.2,40392,899494,0.0449052467276046
6,15,Del Norte County,94,6015,1997,7,10.2,3630,27186,0.133524608254249
6,17,El Dorado County,2066,6017,1997,1,5.5,5195,154798,0.0335598651145364
6,19,Fresno County,5078,6019,1997,2,13.5,105552,750640,0.140616007673452
6,21,Glenn County,202,6021,1997,6,13.4,2527,26214,0.0963988708323797
6,23,Humboldt County,554,6023,1997,5,7.3,11698,122639,0.0953856440447166
6,25,Imperial County,566,6025,1997,4,26.8,18710,142155,0.131616897048996
6,27,Inyo County,36,6027,1997,7,8.2,1289,18273,0.0705412357029497
6,29,Kern County,4894,6029,1997,2,12.4,65852,624577,0.105434558108928
6,31,Kings County,1140,6031,1997,4,13.2,12452,114344,0.10889946127475
6,33,Lake County,194,6033,1997,6,10.7,6947,54842,0.126672987856023
6,35,Lassen County,144,6035,1997,6,9.6,2522,33432,0.0754367073462551
6,37,Los Angeles County,13081,6037,1997,0,6.9,812852,9126131,0.0890686316030309
6,39,Madera County,942,6039,1997,2,13.5,13459,112440,0.119699395233013
6,41,Marin County,920,6041,1997,0,2.9,4466,234518,0.0190433143724576
6,43,Mariposa County,120,6043,1997,8,10.1,1255,15559,0.0806607108425991
6,45,Mendocino County,465,6045,1997,4,8,8223,83268,0.0987534226833838
6,47,Merced County,1826,6047,1997,3,15.6,31520,193893,0.162563888330161
6,49,Modoc County,22,6049,1997,7,11.7,1057,9603,0.110069769863584
6,51,Mono County,160,6051,1997,7,10.4,327,10410,0.0314121037463977
6,53,Monterey County,2761,6053,1997,2,10.9,18702,358888,0.0521109649807182
6,55,Napa County,740,6055,1997,0,5.1,3344,117944,0.0283524384453639
6,57,Nevada County,1126,6057,1997,4,6.2,2873,89981,0.0319289627810316
6,59,Orange County,17102,6059,1997,0,3.3,97456,2665599,0.0365606379654254
6,61,Placer County,6208,6061,1997,1,4.6,6892,220477,0.0312594964554126
6,63,Plumas County,240,6063,1997,6,10.6,1148,20429,0.0561946252875814
6,65,Riverside County,17520,6065,1997,0,7.6,88824,1439674,0.0616973009167353
6,67,Sacramento County,7676,6067,1997,0,5.6,135728,1152550,0.117763220684569
6,69,San Benito County,1009,6069,1997,6,11.2,2329,46639,0.0499367482150132
6,71,San Bernardino County,10256,6071,1997,0,6.4,165946,1609221,0.10312194533877
6,73,San Diego County,17174,6073,1997,0,4.3,145200,2722060,0.0533419542552332
6,75,San Francisco County,600,6075,1997,0,4.1,39694,740993,0.0535686571937927
6,77,San Joaquin County,4504,6077,1997,2,10.8,56691,539997,0.104983916577314
6,79,San Luis Obispo County,2407,6079,1997,3,4.8,8923,231426,0.0385566012461867
6,81,San Mateo County,1907,6081,1997,0,2.7,11005,695689,0.0158188500896234
6,83,Santa Barbara County,1157,6083,1997,2,5.1,17865,386789,0.0461879732877616
6,85,Santa Clara County,8990,6085,1997,0,3.1,62963,1621660,0.0388262644450748
6,87,Santa Cruz County,1128,6087,1997,0,7.9,10809,238862,0.0452520702330216
6,89,Shasta County,1254,6089,1997,3,9.2,19047,162603,0.117138060183391
6,91,Sierra County,18,6091,1997,8,10.5,157,3369,0.0466013653903235
6,93,Siskiyou County,260,6093,1997,7,12.1,4425,44264,0.0999683715886499
6,95,Solano County,2900,6095,1997,0,6.5,24030,371063,0.064759892524989
6,97,Sonoma County,3624,6097,1997,0,3.8,15349,426438,0.0359935090212411
6,99,Stanislaus County,2762,6099,1997,2,13.2,42277,419446,0.100792473882216
6,101,Sutter County,414,6101,1997,3,15.2,5649,76450,0.0738914323086985
6,103,Tehama County,186,6103,1997,6,9.2,5560,53816,0.103314999256727
6,105,Trinity County,62,6105,1997,6,13.7,1172,13162,0.0890442182039204
6,107,Tulare County,2453,6107,1997,2,15.4,53405,350192,0.152502056014986
6,109,Tuolumne County,378,6109,1997,6,8.8,3658,52338,0.0698918567771027
6,111,Ventura County,4257,6111,1997,0,6.6,27899,722156,0.0386329269576103
6,113,Yolo County,1440,6113,1997,0,5.9,11865,151496,0.0783188995088979
6,115,Yuba County,284,6115,1997,3,13.3,10480,60154,0.174219503274928
6,1,Alameda County,7870,6001,1998,0,4.1,73204,1397050,0.0523989835725278
6,3,Alpine County,54,6003,1998,9,9.7,78,1192,0.0654362416107383
6,5,Amador County,296,6005,1998,6,5.5,1269,33415,0.0379769564566811
6,7,Butte County,1777,6007,1998,3,8.3,19853,194347,0.102152335770555
6,9,Calaveras County,538,6009,1998,6,8.8,2500,39642,0.0630644266182332
6,11,Colusa County,110,6011,1998,6,20.1,1379,18596,0.0741557324155733
6,13,Contra Costa County,6510,6013,1998,0,3.6,34607,917970,0.0376994890900574
6,15,Del Norte County,88,6015,1998,7,10.3,3481,27006,0.128897282085463
6,17,El Dorado County,1714,6017,1998,1,5,5009,158322,0.0316380540922929
6,19,Fresno County,5540,6019,1998,2,14.3,90618,755051,0.120015734036509
6,21,Glenn County,132,6021,1998,6,13.4,2321,26176,0.0886690097799511
6,23,Humboldt County,541,6023,1998,5,7.2,11229,122163,0.091918174897473
6,25,Imperial County,744,6025,1998,4,26,16697,143735,0.116165165060702
6,27,Inyo County,38,6027,1998,7,7.3,1316,18071,0.0728238614354491
6,29,Kern County,5849,6029,1998,2,12.1,65098,631615,0.103065949985355
6,31,Kings County,1166,6031,1998,4,13.9,12325,118667,0.10386206780318
6,33,Lake County,190,6033,1998,6,9.6,7340,55076,0.133270390006536
6,35,Lassen County,135,6035,1998,6,9.4,2541,33281,0.0763498692947928
6,37,Los Angeles County,13558,6037,1998,0,6.6,707542,9223807,0.0767082398840305
6,39,Madera County,1002,6039,1998,2,12.8,13747,114523,0.120037023130725
6,41,Marin County,1189,6041,1998,0,2.3,3746,236377,0.0158475655414867
6,43,Mariposa County,138,6043,1998,8,7.7,1246,15786,0.0789306980869125
6,45,Mendocino County,516,6045,1998,4,7.9,7790,83754,0.0930104830814051
6,47,Merced County,1934,6047,1998,3,15.1,31566,197261,0.160021494365333
6,49,Modoc County,12,6049,1998,7,11.2,1166,9338,0.124866138359392
6,51,Mono County,131,6051,1998,7,8.2,347,10307,0.0336664402833026
6,53,Monterey County,2348,6053,1998,2,10.8,18708,366631,0.0510267816960377
6,55,Napa County,932,6055,1998,0,4,2877,119540,0.0240672578216497
6,57,Nevada County,1310,6057,1998,4,5.4,2625,91114,0.0288100621199816
6,59,Orange County,15085,6059,1998,0,2.9,73029,2723782,0.0268116170824244
6,61,Placer County,7938,6061,1998,1,4.1,5534,229216,0.0241431662711155
6,63,Plumas County,244,6063,1998,6,10.3,1035,20362,0.0508299774088989
6,65,Riverside County,21175,6065,1998,0,6.7,80306,1480708,0.0542348660235509
6,67,Sacramento County,10582,6067,1998,0,5,122641,1166699,0.105117943874127
6,69,San Benito County,1062,6069,1998,6,10.6,2392,48984,0.0488322717622081
6,71,San Bernardino County,11320,6071,1998,0,5.7,156598,1635967,0.0957219797220849
6,73,San Diego County,18788,6073,1998,0,3.5,110702,2766123,0.0400206353802777
6,75,San Francisco County,686,6075,1998,0,3.7,32253,745756,0.0432487301476622
6,77,San Joaquin County,6522,6077,1998,2,10.6,55459,549684,0.100892512789166
6,79,San Luis Obispo County,3294,6079,1998,3,4.2,8338,234074,0.0356212138041816
6,81,San Mateo County,2154,6081,1998,0,2.5,7031,701080,0.0100288126889941
6,83,Santa Barbara County,1831,6083,1998,2,4.4,16189,389472,0.0415665310985129
6,85,Santa Clara County,8286,6085,1998,0,3.2,44797,1641848,0.0272844989304735
6,87,Santa Cruz County,792,6087,1998,0,7.3,7682,243200,0.0315871710526316
6,89,Shasta County,1286,6089,1998,3,9.1,18395,164156,0.11205804234996
6,91,Sierra County,16,6091,1998,8,11.8,148,3376,0.0438388625592417
6,93,Siskiyou County,244,6093,1998,7,12.6,4133,44024,0.0938806105760494
6,95,Solano County,3613,6095,1998,0,5.6,22276,376748,0.0591270557507936
6,97,Sonoma County,4047,6097,1998,0,3.3,11883,433777,0.0273942601843805
6,99,Stanislaus County,3694,6099,1998,2,12.3,38588,426872,0.0903971213853333
6,101,Sutter County,399,6101,1998,3,15.6,5700,77069,0.0739596984520365
6,103,Tehama County,308,6103,1998,6,8.7,5957,54016,0.110282138625592
6,105,Trinity County,98,6105,1998,6,13.4,1230,13043,0.0943034577934524
6,107,Tulare County,2840,6107,1998,2,15.7,49372,354527,0.139261607719581
6,109,Tuolumne County,550,6109,1998,6,8,3315,53029,0.0625129646042731
6,111,Ventura County,5918,6111,1998,0,5.6,25775,732143,0.0352048711795373
6,113,Yolo County,1894,6113,1998,0,5.4,9108,153293,0.0594156288936873
6,115,Yuba County,166,6115,1998,3,13.6,9451,59953,0.157640151451971
6,1,Alameda County,9938,6001,1999,0,3.5,67719,1415582,0.047838274292835
6,3,Alpine County,62,6003,1999,9,9.1,62,1161,0.0534022394487511
6,5,Amador County,348,6005,1999,6,4.6,1040,34153,0.0304512048721928
6,7,Butte County,2043,6007,1999,3,6.8,18829,195220,0.0964501587952054
6,9,Calaveras County,604,6009,1999,6,7,2049,40051,0.0511597712916032
6,11,Colusa County,96,6011,1999,6,16,977,18844,0.0518467416684356
6,13,Contra Costa County,7866,6013,1999,0,3.1,29362,933141,0.0314657699104423
6,15,Del Norte County,66,6015,1999,7,8,3300,26477,0.124636476942252
6,17,El Dorado County,2404,6017,1999,1,3.9,3717,161358,0.0230357342059272
6,19,Fresno County,5337,6019,1999,2,13.5,81388,763069,0.1066587687352
6,21,Glenn County,102,6021,1999,6,11.3,2329,26328,0.0884609541172896
6,23,Humboldt County,505,6023,1999,5,6.5,10769,121358,0.0887374544735411
6,25,Imperial County,670,6025,1999,4,23.6,16197,145287,0.111482789237853
6,27,Inyo County,36,6027,1999,7,5.7,1019,17958,0.0567435126406059
6,29,Kern County,5735,6029,1999,2,11.4,59024,642495,0.0918668627771422
6,31,Kings County,955,6031,1999,4,13.2,11096,123241,0.0900349721277822
6,33,Lake County,356,6033,1999,6,7.8,6169,55405,0.111343741539572
6,35,Lassen County,274,6035,1999,6,7.1,2172,33028,0.0657623834322393
6,37,Los Angeles County,16229,6037,1999,0,5.9,665942,9329989,0.0713765043024167
6,39,Madera County,1014,6039,1999,2,11.6,12200,116760,0.104487838300788
6,41,Marin County,1550,6041,1999,0,2,3103,236768,0.0131056561697527
6,43,Mariposa County,148,6043,1999,8,7.4,940,15605,0.0602371034924704
6,45,Mendocino County,516,6045,1999,4,6.8,7011,84085,0.0833799131830885
6,47,Merced County,1950,6047,1999,3,13.4,27368,200746,0.136331483566298
6,49,Modoc County,0,6049,1999,7,8.6,929,9210,0.100868621064061
6,51,Mono County,175,6051,1999,7,6.7,217,10512,0.0206430745814307
6,53,Monterey County,3091,6053,1999,2,9.6,13920,371756,0.0374439148258535
6,55,Napa County,1202,6055,1999,0,3.3,2129,120962,0.0176005687736645
6,57,Nevada County,1592,6057,1999,4,4.1,2078,92014,0.0225835198991458
6,59,Orange County,16094,6059,1999,0,2.7,69355,2760948,0.0251199950162046
6,61,Placer County,7870,6061,1999,1,3.2,4806,239485,0.0200680627179155
6,63,Plumas County,202,6063,1999,6,9,827,20370,0.0405989199803633
6,65,Riverside County,25031,6065,1999,0,5.5,68010,1530653,0.044432016923496
6,67,Sacramento County,10631,6067,1999,0,4.2,115396,1184586,0.0974146241809375
6,69,San Benito County,782,6069,1999,6,8.1,1984,51276,0.0386925657227553
6,71,San Bernardino County,13093,6071,1999,0,4.9,136623,1669934,0.0818134129851838
6,73,San Diego County,20823,6073,1999,0,3.1,99897,2820844,0.0354138690406134
6,75,San Francisco County,718,6075,1999,0,3.1,24889,746777,0.0333285572533702
6,77,San Joaquin County,8270,6077,1999,2,8.8,50093,563183,0.0889462217431989
6,79,San Luis Obispo County,3126,6079,1999,3,3.3,6986,236953,0.0294826400172186
6,81,San Mateo County,1368,6081,1999,0,2,5657,702102,0.00805723384921279
6,83,Santa Barbara County,1340,6083,1999,2,3.9,14032,391071,0.035880952563601
6,85,Santa Clara County,7129,6085,1999,0,3.1,42313,1647419,0.0256844190822128
6,87,Santa Cruz County,702,6087,1999,0,6.4,7247,245201,0.0295553443909283
6,89,Shasta County,1518,6089,1999,3,7.1,15335,164530,0.0932048866468121
6,91,Sierra County,34,6091,1999,8,9.2,162,3334,0.0485902819436113
6,93,Siskiyou County,274,6093,1999,7,10.4,3673,43570,0.084301124627037
6,95,Solano County,3039,6095,1999,0,4.6,18364,385723,0.0476092947529704
6,97,Sonoma County,4471,6097,1999,0,2.7,9229,439970,0.0209764302111508
6,99,Stanislaus County,4119,6099,1999,2,10.6,35335,436790,0.0808969985576593
6,101,Sutter County,359,6101,1999,3,13.1,5228,78423,0.0666641163944251
6,103,Tehama County,310,6103,1999,6,6.8,5081,54012,0.0940716877730875
6,105,Trinity County,57,6105,1999,6,11.6,1007,12927,0.0778989711456641
6,107,Tulare County,3053,6107,1999,2,16.6,46593,358470,0.129977403966859
6,109,Tuolumne County,396,6109,1999,6,6.6,2892,53764,0.053790640577338
6,111,Ventura County,7071,6111,1999,0,4.8,22575,745063,0.0302994511873493
6,113,Yolo County,1542,6113,1999,0,4.4,8254,155573,0.0530554787784513
6,115,Yuba County,191,6115,1999,3,11.7,7494,59607,0.12572348885198
6,1,Alameda County,3672,6001,2001,0,4.8,56503,1468918,0.0384657278350459
6,3,Alpine County,58,6003,2001,9,7.3,60,1175,0.051063829787234
6,5,Amador County,433,6005,2001,6,5.1,822,35700,0.0230252100840336
6,7,Butte County,2089,6007,2001,3,6.6,16688,206384,0.0808589813163811
6,9,Calaveras County,1070,6009,2001,6,5.5,1503,41433,0.0362754326261675
6,11,Colusa County,60,6011,2001,6,12.8,1005,19042,0.0527780695305115
6,13,Contra Costa County,8416,6013,2001,0,4,21248,971487,0.0218716256625153
6,15,Del Norte County,112,6015,2001,7,8,3144,27341,0.114992136351999
6,17,El Dorado County,2790,6017,2001,1,4.3,3261,160848,0.0202737988660101
6,19,Fresno County,7318,6019,2001,2,10.7,81279,812426,0.100044804080618
6,21,Glenn County,138,6021,2001,6,8.8,2102,26487,0.079359685883641
6,23,Humboldt County,824,6023,2001,5,6,9412,127002,0.0741090691485174
6,25,Imperial County,1132,6025,2001,4,15.9,16425,143152,0.114738180395663
6,27,Inyo County,40,6027,2001,7,4.5,727,17945,0.0405126776260797
6,29,Kern County,6764,6029,2001,2,8.6,54812,674028,0.0813200638549141
6,31,Kings County,1320,6031,2001,4,10.7,10750,132453,0.0811608646085781
6,33,Lake County,204,6033,2001,6,7,6134,60321,0.101689295601863
6,35,Lassen County,219,6035,2001,6,7.3,1814,33503,0.0541444049786586
6,37,Los Angeles County,17286,6037,2001,0,5.7,622165,9634764,0.0645750119048064
6,39,Madera County,1474,6039,2001,2,9.6,12263,125423,0.0977731357087615
6,41,Marin County,391,6041,2001,0,3.5,2158,247958,0.00870308681308931
6,43,Mariposa County,190,6043,2001,8,5.7,727,17106,0.0424997077048989
6,45,Mendocino County,614,6045,2001,4,5.9,5922,86614,0.0683723185628189
6,47,Merced County,2129,6047,2001,3,10.2,24077,217937,0.110476880933481
6,49,Modoc County,0,6049,2001,7,6.9,763,9291,0.0821224841244215
6,51,Mono County,157,6051,2001,7,4.7,202,13125,0.0153904761904762
6,53,Monterey County,1818,6053,2001,2,7.8,12689,407065,0.0311719258595065
6,55,Napa County,1580,6055,2001,0,3.6,1553,126731,0.0122543024200866
6,57,Nevada County,1478,6057,2001,4,4.4,1588,93594,0.0169668995875804
6,59,Orange County,12772,6059,2001,0,4,63805,2890972,0.0220704316748831
6,61,Placer County,9647,6061,2001,1,4,3811,264221,0.014423531816169
6,63,Plumas County,384,6063,2001,6,7.6,577,20825,0.0277070828331333
6,65,Riverside County,34052,6065,2001,0,5.5,55838,1614698,0.0345810795579111
6,67,Sacramento County,15176,6067,2001,0,4.5,106350,1265432,0.0840424455838006
6,69,San Benito County,600,6069,2001,6,6.3,1690,54752,0.0308664523670368
6,71,San Bernardino County,13850,6071,2001,0,5.1,127595,1761558,0.0724330393889954
6,73,San Diego County,19500,6073,2001,0,4.2,81099,2867094,0.0282861322300559
6,75,San Francisco County,478,6075,2001,0,5.1,21540,784631,0.0274523948199854
6,77,San Joaquin County,8100,6077,2001,2,7.5,43893,591000,0.0742690355329949
6,79,San Luis Obispo County,3438,6079,2001,3,4,5922,251499,0.0235468133074088
6,81,San Mateo County,1502,6081,2001,0,3.8,4378,706634,0.00619556941783158
6,83,Santa Barbara County,1904,6083,2001,2,4.4,13061,401456,0.0325340759634929
6,85,Santa Clara County,3584,6085,2001,0,5.1,32205,1690395,0.0190517600915762
6,87,Santa Cruz County,892,6087,2001,0,5.7,6082,255644,0.0237908967157453
6,89,Shasta County,2039,6089,2001,3,6.3,11537,166968,0.0690970724929328
6,91,Sierra County,20,6091,2001,8,7.6,84,3506,0.0239589275527667
6,93,Siskiyou County,322,6093,2001,7,8.1,2998,43894,0.0683009067298492
6,95,Solano County,3731,6095,2001,0,4.6,12551,403862,0.0310774472468318
6,97,Sonoma County,3276,6097,2001,0,3.7,7225,464454,0.0155559000460756
6,99,Stanislaus County,6002,6099,2001,2,8.4,33121,463783,0.0714148642791995
6,101,Sutter County,874,6101,2001,3,9.8,4129,79941,0.05165059231183
6,103,Tehama County,362,6103,2001,6,6.5,4639,56474,0.0821439954669405
6,105,Trinity County,96,6105,2001,6,9.3,756,12916,0.0585320532672654
6,107,Tulare County,3433,6107,2001,2,11.4,45355,372592,0.121728324816421
6,109,Tuolumne County,506,6109,2001,6,5.9,2221,55162,0.040263224683659
6,111,Ventura County,6369,6111,2001,0,4.8,20059,765278,0.0262113898478723
6,113,Yolo County,2490,6113,2001,0,5.1,7367,175390,0.0420035349791892
6,115,Yuba County,416,6115,2001,3,8.5,7659,61339,0.124863463701723
6,1,Alameda County,5079,6001,2002,0,6.7,52420,1460576,0.0358899502661963
6,3,Alpine County,56,6003,2002,9,7.5,105,1195,0.0878661087866109
6,5,Amador County,577,6005,2002,6,5.7,778,36506,0.0213115652221553
6,7,Butte County,2326,6007,2002,3,7.3,15839,209319,0.0756691939097741
6,9,Calaveras County,1040,6009,2002,6,6.5,1409,42583,0.0330883216306977
6,11,Colusa County,44,6011,2002,6,13.8,962,19264,0.049937707641196
6,13,Contra Costa County,10213,6013,2002,0,5.7,20517,980446,0.0209261907336049
6,15,Del Norte County,150,6015,2002,7,8.7,2954,27485,0.107476805530289
6,17,El Dorado County,3326,6017,2002,1,5.2,3379,164675,0.0205192044936997
6,19,Fresno County,7319,6019,2002,2,11.4,91029,828245,0.109905885335861
6,21,Glenn County,142,6021,2002,6,9.5,1912,26705,0.0715970791986519
6,23,Humboldt County,840,6023,2002,5,6.7,8511,127779,0.0666071889747142
6,25,Imperial County,1704,6025,2002,4,14.9,14608,144579,0.10103818673528
6,27,Inyo County,28,6027,2002,7,5.4,586,18079,0.0324132971956414
6,29,Kern County,8927,6029,2002,2,9.7,55106,689204,0.0799560072199233
6,31,Kings County,1248,6031,2002,4,11.6,10795,134681,0.0801523600210869
6,33,Lake County,610,6033,2002,6,8.3,4414,61674,0.0715698673671239
6,35,Lassen County,248,6035,2002,6,7.7,1537,33300,0.0461561561561562
6,37,Los Angeles County,17484,6037,2002,0,6.7,622411,9717871,0.0640480821365091
6,39,Madera County,1866,6039,2002,2,10.5,12363,127841,0.0967060645645763
6,41,Marin County,606,6041,2002,0,4.8,2471,246332,0.0100311774353312
6,43,Mariposa County,382,6043,2002,8,6.4,665,17202,0.0386582955470294
6,45,Mendocino County,689,6045,2002,4,6.6,5751,86911,0.0661711405921
6,47,Merced County,3395,6047,2002,3,10.9,24923,223666,0.111429542263911
6,49,Modoc County,32,6049,2002,7,7.8,670,9240,0.0725108225108225
6,51,Mono County,128,6051,2002,7,5.1,223,13191,0.0169054658479266
6,53,Monterey County,2150,6053,2002,2,8.9,14748,409210,0.0360401749712861
6,55,Napa County,1266,6055,2002,0,4.5,1620,128584,0.0125987681204504
6,57,Nevada County,1582,6057,2002,4,5.3,1592,94412,0.016862263271618
6,59,Orange County,14249,6059,2002,0,4.9,66336,2917106,0.0227403460827272
6,61,Placer County,11174,6061,2002,1,4.9,3831,277833,0.0137888587748756
6,63,Plumas County,516,6063,2002,6,8.3,488,20861,0.0233929341834044
6,65,Riverside County,42200,6065,2002,0,6.4,54682,1682749,0.0324956366041519
6,67,Sacramento County,19070,6067,2002,0,5.6,101692,1299105,0.0782785071260599
6,69,San Benito County,286,6069,2002,6,8.8,1887,55217,0.0341742579278121
6,71,San Bernardino County,18378,6071,2002,0,6,121001,1800599,0.0672004149730173
6,73,San Diego County,18310,6073,2002,0,5.1,75855,2901235,0.0261457620633971
6,75,San Francisco County,380,6075,2002,0,6.9,23517,779281,0.030177817757651
6,77,San Joaquin County,11378,6077,2002,2,8.8,42210,608367,0.0693824615733595
6,79,San Luis Obispo County,3314,6079,2002,3,4.6,5716,252932,0.0225989594041086
6,81,San Mateo County,1365,6081,2002,0,5.6,5733,699043,0.0082012122287184
6,83,Santa Barbara County,2102,6083,2002,2,5.1,13557,402079,0.0337172545693757
6,85,Santa Clara County,4468,6085,2002,0,8.3,37548,1673028,0.0224431390269619
6,87,Santa Cruz County,844,6087,2002,0,7.3,6650,253708,0.0262112349630284
6,89,Shasta County,2362,6089,2002,3,7.1,10677,171141,0.0623871544515926
6,91,Sierra County,34,6091,2002,8,8.6,96,3462,0.0277296360485269
6,93,Siskiyou County,384,6093,2002,7,8.9,3130,43908,0.0712854149585497
6,95,Solano County,3580,6095,2002,0,5.8,10718,407855,0.0262789471748538
6,97,Sonoma County,2530,6097,2002,0,5,8047,463593,0.0173578979837918
6,99,Stanislaus County,5933,6099,2002,2,9.6,31545,477197,0.0661047743384808
6,101,Sutter County,1323,6101,2002,3,10.9,4173,81767,0.0510352587229567
6,103,Tehama County,568,6103,2002,6,7.1,4554,57000,0.0798947368421053
6,105,Trinity County,84,6105,2002,6,10,712,13158,0.0541115671074631
6,107,Tulare County,3728,6107,2002,2,11.9,44377,378285,0.117311022112957
6,109,Tuolumne County,736,6109,2002,6,6.6,2040,55681,0.0366372730374814
6,111,Ventura County,4495,6111,2002,0,5.7,20231,776560,0.0260520758215721
6,113,Yolo County,2326,6113,2002,0,6,6622,180290,0.0367297132397804
6,115,Yuba County,730,6115,2002,3,9.8,7448,62399,0.119360887193705
6,1,Alameda County,4564,6001,2003,1,6.8,60600,1450968,0.0417652215624328
6,3,Alpine County,44,6003,2003,8,8.3,91,1172,0.0776450511945393
6,5,Amador County,774,6005,2003,6,6.1,944,36860,0.02561041779707
6,7,Butte County,2978,6007,2003,3,7.5,15895,211584,0.0751238278886872
6,9,Calaveras County,1366,6009,2003,6,7.3,1449,44007,0.0329265798622946
6,11,Colusa County,92,6011,2003,6,14.3,985,19579,0.0503090045456867
6,13,Contra Costa County,10344,6013,2003,1,6.1,22022,987662,0.0222971016400347
6,15,Del Norte County,236,6015,2003,7,8.5,3157,27722,0.113880672390159
6,17,El Dorado County,3670,6017,2003,1,5.5,3769,167436,0.0225100934088249
6,19,Fresno County,9362,6019,2003,2,11.7,94440,844194,0.111870020398155
6,21,Glenn County,206,6021,2003,6,10.2,2108,27071,0.0778693066380998
6,23,Humboldt County,792,6023,2003,5,6.8,8867,128219,0.0691551174162956
6,25,Imperial County,2096,6025,2003,3,15.5,15664,147254,0.106374020400125
6,27,Inyo County,38,6027,2003,7,5.7,744,18127,0.0410437468968941
6,29,Kern County,11238,6029,2003,2,10.3,61860,706963,0.0875010431946226
6,31,Kings County,1764,6031,2003,3,11.9,11416,138714,0.0822988306876018
6,33,Lake County,838,6033,2003,4,9.1,4113,62692,0.065606456964206
6,35,Lassen County,280,6035,2003,6,7.6,1751,33695,0.0519661670871049
6,37,Los Angeles County,22308,6037,2003,1,7,648991,9777324,0.0663771600491096
6,39,Madera County,2306,6039,2003,3,10.3,13329,132017,0.100964269753138
6,41,Marin County,1306,6041,2003,1,4.9,2962,245030,0.0120883157164429
6,43,Mariposa County,302,6043,2003,8,6.9,653,17585,0.0371339209553597
6,45,Mendocino County,792,6045,2003,4,6.8,6552,87415,0.0749528113024081
6,47,Merced County,4986,6047,2003,3,11.4,27754,228993,0.121200211360173
6,49,Modoc County,34,6049,2003,6,8.7,799,9319,0.0857388131773796
6,51,Mono County,232,6051,2003,7,5,239,13043,0.0183240052135245
6,53,Monterey County,2154,6053,2003,2,8.9,15575,410419,0.0379490228278905
6,55,Napa County,1154,6055,2003,3,4.8,1841,129800,0.0141833590138675
6,57,Nevada County,1510,6057,2003,4,5.5,1816,95195,0.0190766321760597
6,59,Orange County,12816,6059,2003,1,4.7,65101,2940109,0.022142376354074
6,61,Placer County,9482,6061,2003,1,5.1,4341,291883,0.0148723975017387
6,63,Plumas County,458,6063,2003,7,9.8,458,20929,0.0218835109178652
6,65,Riverside County,51884,6065,2003,1,6.5,58911,1763765,0.0334007081442256
6,67,Sacramento County,21862,6067,2003,1,5.8,107302,1324971,0.0809844139984951
6,69,San Benito County,194,6069,2003,1,9.9,2392,55376,0.0431956082057209
6,71,San Bernardino County,21402,6071,2003,1,6.2,126936,1847860,0.0686935157425346
6,73,San Diego County,21280,6073,2003,1,5.2,79056,2926814,0.0270109409070751
6,75,San Francisco County,306,6075,2003,1,6.7,30000,775046,0.0387073799490611
6,77,San Joaquin County,13920,6077,2003,2,9.1,47303,625236,0.0756562322067187
6,79,San Luis Obispo County,4076,6079,2003,3,4.7,6126,254240,0.0240953429830082
6,81,San Mateo County,1656,6081,2003,1,5.8,7265,694437,0.0104617121495542
6,83,Santa Barbara County,2288,6083,2003,2,5,14618,402366,0.0363301074146424
6,85,Santa Clara County,5272,6085,2003,1,8.3,48852,1667762,0.0292919493308997
6,87,Santa Cruz County,1384,6087,2003,2,7.7,8241,251559,0.0327597104456609
6,89,Shasta County,2204,6089,2003,3,7.5,10783,174417,0.0618231021058727
6,91,Sierra County,44,6091,2003,8,9.3,90,3479,0.0258695027306697
6,93,Siskiyou County,406,6093,2003,7,9.5,3333,44163,0.0754704164119285
6,95,Solano County,4254,6095,2003,2,6.3,12733,408397,0.031177995920636
6,97,Sonoma County,3168,6097,2003,2,5.4,9787,463715,0.0211056360048737
6,99,Stanislaus County,7860,6099,2003,2,9.8,34480,486512,0.0708718387213471
6,101,Sutter County,1698,6101,2003,3,11.1,4612,84067,0.0548610037232208
6,103,Tehama County,840,6103,2003,4,7.6,4820,57933,0.0831995581102308
6,105,Trinity County,116,6105,2003,8,10.4,794,13336,0.0595380923815237
6,107,Tulare County,4060,6107,2003,2,12.2,48336,386399,0.125093491442783
6,109,Tuolumne County,714,6109,2003,4,7,2292,56213,0.0407734865600484
6,111,Ventura County,4696,6111,2003,2,5.7,22779,783840,0.0290607777097367
6,113,Yolo County,2304,6113,2003,1,6.3,8210,182762,0.0449218108797234
6,115,Yuba County,1216,6115,2003,3,10.7,7362,63462,0.116006429044152
6,1,Alameda County,4928,6001,2004,1,5.9,67575,1441781,0.0468691153510831
6,3,Alpine County,44,6003,2004,8,8.1,97,1182,0.0820642978003384
6,5,Amador County,760,6005,2004,6,5.8,1058,37213,0.0284309246768602
6,7,Butte County,3150,6007,2004,3,7.4,17168,213173,0.0805355274823735
6,9,Calaveras County,1654,6009,2004,6,6.8,1643,44852,0.0366315883349683
6,11,Colusa County,334,6011,2004,6,13.6,1138,20219,0.0562836935555666
6,13,Contra Costa County,8491,6013,2004,1,5.4,27768,992747,0.0279708727399831
6,15,Del Norte County,256,6015,2004,7,8,3715,28085,0.132277016200819
6,17,El Dorado County,3851,6017,2004,1,5.3,4079,170486,0.023925718240794
6,19,Fresno County,11429,6019,2004,2,10.4,109126,857162,0.127310823391611
6,21,Glenn County,258,6021,2004,6,9.3,2267,27193,0.0833670429890045
6,23,Humboldt County,1064,6023,2004,5,6.5,10311,128694,0.0801202853279873
6,25,Imperial County,2457,6025,2004,3,17,17177,149909,0.114582846927136
6,27,Inyo County,42,6027,2004,7,5.3,948,17974,0.0527428507844665
6,29,Kern County,12393,6029,2004,2,9.9,75796,726029,0.10439803368736
6,31,Kings County,1517,6031,2004,3,11,12623,142151,0.0887999380939986
6,33,Lake County,1088,6033,2004,4,9,6212,63390,0.0979965294210443
6,35,Lassen County,320,6035,2004,6,7.6,2022,34102,0.0592927101049792
6,37,Los Angeles County,26649,6037,2004,1,6.5,664451,9808494,0.0677424077539325
6,39,Madera County,3016,6039,2004,3,9.1,14047,136516,0.102896363796185
6,41,Marin County,1278,6041,2004,1,4.4,3937,243677,0.0161566335764147
6,43,Mariposa County,338,6043,2004,8,6.7,808,17656,0.0457634798368827
6,45,Mendocino County,706,6045,2004,4,6.4,7330,87092,0.0841638726863547
6,47,Merced County,5087,6047,2004,3,10.9,28901,233529,0.123757648942958
6,49,Modoc County,28,6049,2004,6,8.7,730,9359,0.0779997863019553
6,51,Mono County,254,6051,2004,7,5,292,12919,0.0226023686043811
6,53,Monterey County,2162,6053,2004,2,8.3,17951,408867,0.0439042524830813
6,55,Napa County,1330,6055,2004,3,4.7,2406,130007,0.0185066957933034
6,57,Nevada County,1636,6057,2004,4,5.3,2113,95974,0.0220163794360973
6,59,Orange County,10210,6059,2004,1,4.2,80331,2956096,0.0271746925674944
6,61,Placer County,9510,6061,2004,1,4.8,5496,304386,0.0180560209733693
6,63,Plumas County,532,6063,2004,7,9.8,623,20963,0.0297190287649668
6,65,Riverside County,59254,6065,2004,1,6,77498,1845631,0.041989975244239
6,67,Sacramento County,20922,6067,2004,1,5.6,110950,1344279,0.0825349499620243
6,69,San Benito County,224,6069,2004,1,9.5,2915,55090,0.0529134144127791
6,71,San Bernardino County,28615,6071,2004,1,5.7,140136,1899689,0.073767864108283
6,73,San Diego County,19887,6073,2004,1,4.7,84713,2935672,0.028856425377222
6,75,San Francisco County,310,6075,2004,1,5.8,32302,773284,0.0417724923831348
6,77,San Joaquin County,12556,6077,2004,2,8.7,49307,640964,0.0769263172346653
6,79,San Luis Obispo County,4226,6079,2004,3,4.6,6617,256095,0.0258380679044886
6,81,San Mateo County,1301,6081,2004,1,4.8,8797,692033,0.0127118215460823
6,83,Santa Barbara County,2108,6083,2004,2,4.7,16111,401130,0.0401640365966146
6,85,Santa Clara County,5518,6085,2004,1,6.4,55293,1668984,0.0331297364144893
6,87,Santa Cruz County,1482,6087,2004,2,7,9276,250420,0.0370417698266912
6,89,Shasta County,1788,6089,2004,3,7.6,13322,176467,0.0754928683549899
6,91,Sierra County,36,6091,2004,8,9.7,109,3394,0.0321154979375368
6,93,Siskiyou County,447,6093,2004,7,9.4,3887,44229,0.0878835153406136
6,95,Solano County,4738,6095,2004,2,5.8,15653,408346,0.0383326884553785
6,97,Sonoma County,2848,6097,2004,2,4.9,12120,463211,0.0261651817422298
6,99,Stanislaus County,7939,6099,2004,2,9.2,36776,491558,0.0748151794905179
6,101,Sutter County,2564,6101,2004,3,10.6,5134,85653,0.0599395234259162
6,103,Tehama County,1414,6103,2004,4,7.4,5227,58784,0.0889187534022863
6,105,Trinity County,156,6105,2004,8,10.9,842,13328,0.0631752701080432
6,107,Tulare County,4544,6107,2004,2,11.6,56598,394996,0.143287526962298
6,109,Tuolumne County,754,6109,2004,4,6.9,2621,56185,0.0466494616000712
6,111,Ventura County,3659,6111,2004,2,5.3,25430,787749,0.0322818562765551
6,113,Yolo County,3486,6113,2004,1,6.1,8416,184993,0.0454936132718535
6,115,Yuba County,3419,6115,2004,3,9.7,7888,64378,0.122526328870111
6,1,Alameda County,3334,6001,2005,1,5.1,69826,1436453,0.0486100136934519
6,3,Alpine County,32,6003,2005,8,8,88,1123,0.0783615316117542
6,5,Amador County,718,6005,2005,6,5.6,1129,37788,0.0298772096961999
6,7,Butte County,3136,6007,2005,3,6.7,17058,214831,0.0794019485083624
6,9,Calaveras County,1712,6009,2005,6,6.2,1724,45688,0.0377341971633689
6,11,Colusa County,263,6011,2005,6,12.7,1209,20541,0.0588578939681612
6,13,Contra Costa County,10950,6013,2005,1,4.8,29589,999271,0.0296105861172795
6,15,Del Norte County,212,6015,2005,7,7.4,3846,28471,0.135084823153384
6,17,El Dorado County,2976,6017,2005,1,4.8,4173,173500,0.0240518731988473
6,19,Fresno County,10304,6019,2005,2,9,118683,867438,0.136820153140628
6,21,Glenn County,426,6021,2005,6,8.4,2418,27452,0.0880810141337608
6,23,Humboldt County,962,6023,2005,5,6.1,10978,128943,0.0851383944843846
6,25,Imperial County,3414,6025,2005,3,16,17017,153047,0.111188066410972
6,27,Inyo County,24,6027,2005,7,4.9,972,17737,0.0548006991035688
6,29,Kern County,14088,6029,2005,2,8.4,77852,747315,0.10417561536969
6,31,Kings County,2114,6031,2005,3,9.4,13828,143178,0.0965790833787314
6,33,Lake County,884,6033,2005,4,7.9,5438,64143,0.0847793212041844
6,35,Lassen County,190,6035,2005,6,8,2096,34037,0.0615800452448806
6,37,Los Angeles County,26243,6037,2005,1,5.4,654484,9803912,0.0667574331552548
6,39,Madera County,4334,6039,2005,3,7.9,14345,139672,0.102704908643107
6,41,Marin County,763,6041,2005,1,3.9,4255,244024,0.0174368094941481
6,43,Mariposa County,217,6043,2005,8,6.4,828,17714,0.0467426893982161
6,45,Mendocino County,578,6045,2005,4,5.7,7897,86803,0.0909761183369239
6,47,Merced County,6854,6047,2005,3,10,30304,237901,0.127380717189083
6,49,Modoc County,48,6049,2005,6,7.9,738,9261,0.0796890184645287
6,51,Mono County,447,6051,2005,7,4.8,268,12888,0.0207945375543141
6,53,Monterey County,2267,6053,2005,2,7.3,17546,405090,0.0433138314942359
6,55,Napa County,1243,6055,2005,3,4.4,2625,129859,0.0202142323597132
6,57,Nevada County,1456,6057,2005,4,4.8,2288,96554,0.0236965842947988
6,59,Orange County,8597,6059,2005,1,3.7,79343,2957263,0.0268298761388487
6,61,Placer County,9866,6061,2005,1,4.3,5149,314619,0.0163658266029706
6,63,Plumas County,674,6063,2005,7,8.4,703,20957,0.0335448776065277
6,65,Riverside County,60385,6065,2005,1,5.4,80332,1917401,0.0418962960799541
6,67,Sacramento County,18070,6067,2005,1,4.9,110472,1354695,0.0815475070034214
6,69,San Benito County,176,6069,2005,1,8.1,3000,54930,0.0546149645002731
6,71,San Bernardino County,30388,6071,2005,1,5.2,142365,1943934,0.0732355110821664
6,73,San Diego County,16458,6073,2005,1,4.3,83303,2941770,0.0283173055677364
6,75,San Francisco County,240,6075,2005,1,5,31296,777660,0.0402438083481213
6,77,San Joaquin County,11349,6077,2005,2,7.9,52757,654451,0.0806126050689815
6,79,San Luis Obispo County,3495,6079,2005,3,4.3,6534,257567,0.0253681566349726
6,81,San Mateo County,888,6081,2005,1,4.2,8467,692199,0.0122320315400629
6,83,Santa Barbara County,1534,6083,2005,2,4.3,17242,400256,0.0430774304445155
6,85,Santa Clara County,5130,6085,2005,1,5.3,55957,1682383,0.0332605595753167
6,87,Santa Cruz County,1400,6087,2005,2,6.3,10055,248957,0.0403885008254438
6,89,Shasta County,2701,6089,2005,3,7.2,13093,177537,0.0737480074576004
6,91,Sierra County,26,6091,2005,8,8.3,167,3332,0.0501200480192077
6,93,Siskiyou County,601,6093,2005,7,9,4158,44409,0.0936296696615551
6,95,Solano County,4018,6095,2005,2,5.3,16480,406605,0.040530736218197
6,97,Sonoma County,3484,6097,2005,2,4.4,12689,461359,0.0275035276216569
6,99,Stanislaus County,7622,6099,2005,2,8.4,39719,498592,0.0796623291187985
6,101,Sutter County,2432,6101,2005,3,9.6,5509,87670,0.0628379149081784
6,103,Tehama County,1352,6103,2005,4,6.9,5322,59587,0.0893147834259151
6,105,Trinity County,132,6105,2005,8,10.2,948,13631,0.0695473552930819
6,107,Tulare County,6057,6107,2005,2,9.4,59063,403653,0.146321221445152
6,109,Tuolumne County,768,6109,2005,4,6.4,2778,56267,0.0493717454280484
6,111,Ventura County,5202,6111,2005,2,4.7,26234,786058,0.0333741276089042
6,113,Yolo County,2832,6113,2005,1,5.5,8200,185850,0.0441216034436373
6,115,Yuba County,3406,6115,2005,3,9,8121,67029,0.121156514344537
6,1,Alameda County,3665,6001,2006,1,4.4,83421,1438193,0.0580040370103317
6,3,Alpine County,62,6003,2006,8,6.4,84,1158,0.0725388601036269
6,5,Amador County,416,6005,2006,6,5.3,1171,38072,0.0307575120823703
6,7,Butte County,2408,6007,2006,3,6.2,18559,216933,0.0855517602208977
6,9,Calaveras County,994,6009,2006,6,5.9,1715,46524,0.0368626945232568
6,11,Colusa County,198,6011,2006,6,12.2,1239,20889,0.0593135142898176
6,13,Contra Costa County,6651,6013,2006,1,4.3,31577,1001303,0.0315359087109496
6,15,Del Norte County,74,6015,2006,7,6.9,4098,28441,0.144087760627263
6,17,El Dorado County,1966,6017,2006,1,4.6,4409,174995,0.0251950055715878
6,19,Fresno County,5380,6019,2006,2,8,121652,878024,0.138552021357047
6,21,Glenn County,338,6021,2006,6,8,2302,27714,0.0830627119867215
6,23,Humboldt County,699,6023,2006,5,5.5,10817,129033,0.0838312679702092
6,25,Imperial County,3600,6025,2006,3,15.4,16991,156792,0.108366498290729
6,27,Inyo County,26,6027,2006,7,4.6,978,17499,0.0558889079375964
6,29,Kern County,11718,6029,2006,2,7.5,78690,768209,0.102433061836037
6,31,Kings County,1457,6031,2006,3,8.4,14112,145168,0.0972115066681362
6,33,Lake County,932,6033,2006,4,7.7,5202,64623,0.0804976556334432
6,35,Lassen County,158,6035,2006,6,7.9,2149,34078,0.0630612125124714
6,37,Los Angeles County,21241,6037,2006,1,4.8,637603,9760598,0.0653241737852537
6,39,Madera County,2578,6039,2006,3,7,14509,142865,0.101557414342211
6,41,Marin County,492,6041,2006,1,3.5,4485,244336,0.0183558706044136
6,43,Mariposa County,278,6043,2006,8,5.7,856,17896,0.0478319177469826
6,45,Mendocino County,558,6045,2006,4,5.2,7557,85959,0.0879140055142568
6,47,Merced County,4177,6047,2006,3,9.4,30748,240516,0.127841806782085
6,49,Modoc County,44,6049,2006,6,7.8,758,9252,0.0819282317336792
6,51,Mono County,168,6051,2006,7,4.4,209,13102,0.0159517630896046
6,53,Monterey County,1524,6053,2006,2,6.9,17747,401374,0.0442156193475412
6,55,Napa County,542,6055,2006,3,3.9,2772,130818,0.0211897445305692
6,57,Nevada County,1004,6057,2006,4,4.4,2432,96772,0.025131236308023
6,59,Orange County,7969,6059,2006,1,3.4,82502,2953062,0.0279377811911839
6,61,Placer County,5279,6061,2006,1,4.2,6160,324213,0.0189998550335736
6,63,Plumas County,432,6063,2006,7,7.7,605,20704,0.0292214064914992
6,65,Riverside County,42639,6065,2006,1,5,81617,1994840,0.0409140582703375
6,67,Sacramento County,9184,6067,2006,1,4.8,116652,1362328,0.0856269562102519
6,69,San Benito County,60,6069,2006,1,7.2,3136,54468,0.0575750899610781
6,71,San Bernardino County,25240,6071,2006,1,4.8,137580,1973664,0.0697079138090374
6,73,San Diego County,10159,6073,2006,1,4,83490,2947222,0.0283283715987462
6,75,San Francisco County,346,6075,2006,1,4.2,31852,786149,0.040516492420648
6,77,San Joaquin County,6978,6077,2006,2,7.4,54768,659897,0.0829947703959861
6,79,San Luis Obispo County,2920,6079,2006,3,3.9,7525,259366,0.029013054910821
6,81,San Mateo County,892,6081,2006,1,3.7,8578,692802,0.0123816039792033
6,83,Santa Barbara County,1428,6083,2006,2,4,18640,398656,0.0467571038689998
6,85,Santa Clara County,4565,6085,2006,1,4.5,59950,1700089,0.0352628597679298
6,87,Santa Cruz County,924,6087,2006,2,5.6,11209,248758,0.0450598573714212
6,89,Shasta County,1509,6089,2006,3,6.6,13492,178449,0.0756070361840078
6,91,Sierra County,34,6091,2006,8,7.4,169,3371,0.0501334915455355
6,93,Siskiyou County,393,6093,2006,7,8,3944,44220,0.0891904115784713
6,95,Solano County,1936,6095,2006,2,4.9,19364,406181,0.0476733279006157
6,97,Sonoma County,2840,6097,2006,2,4,13356,459783,0.0290484859161822
6,99,Stanislaus County,4358,6099,2006,2,8,39758,502989,0.07904347808799
6,101,Sutter County,650,6101,2006,3,8.9,5990,89746,0.0667439217346734
6,103,Tehama County,832,6103,2006,4,6.5,5246,60374,0.086891708351277
6,105,Trinity County,128,6105,2006,8,9.9,1034,13865,0.0745762711864407
6,107,Tulare County,6022,6107,2006,2,8.5,58953,409641,0.143913817220444
6,109,Tuolumne County,444,6109,2006,4,5.8,2906,56068,0.0518299208104445
6,111,Ventura County,2728,6111,2006,2,4.3,28241,788073,0.0358355126999656
6,113,Yolo County,1674,6113,2006,1,5.2,8662,189082,0.0458108122401921
6,115,Yuba County,1973,6115,2006,3,8.8,8149,70012,0.11639433240016
6,1,Alameda County,2757,6001,2007,1,4.7,73657,1449020,0.0508322866489075
6,3,Alpine County,32,6003,2007,8,7.9,89,1144,0.0777972027972028
6,5,Amador County,317,6005,2007,6,5.8,1271,38480,0.0330301455301455
6,7,Butte County,1582,6007,2007,3,6.7,19584,217741,0.0899417197496108
6,9,Calaveras County,530,6009,2007,6,6.4,2006,46852,0.0428156748911466
6,11,Colusa County,70,6011,2007,6,11.8,1369,21100,0.0648815165876777
6,13,Contra Costa County,5470,6013,2007,1,4.7,34877,1010542,0.0345131622436277
6,15,Del Norte County,152,6015,2007,7,7.5,4090,28746,0.142280665136019
6,17,El Dorado County,1208,6017,2007,1,5.2,4570,175752,0.0260025490463835
6,19,Fresno County,7289,6019,2007,2,8.6,134430,889888,0.151063954115574
6,21,Glenn County,232,6021,2007,6,8.8,2371,27862,0.0850979829157993
6,23,Humboldt County,619,6023,2007,5,5.9,10723,128564,0.083405930120407
6,25,Imperial County,1392,6025,2007,3,18.1,19389,160366,0.120904680543257
6,27,Inyo County,36,6027,2007,7,4.9,962,17438,0.0551668769354284
6,29,Kern County,7079,6029,2007,2,8.2,83834,784687,0.106837503361213
6,31,Kings County,933,6031,2007,3,8.7,14391,147622,0.0974854696454458
6,33,Lake County,690,6033,2007,4,8.4,5620,64644,0.0869376894994122
6,35,Lassen County,118,6035,2007,6,8.2,2267,35005,0.0647621768318812
6,37,Los Angeles County,15599,6037,2007,1,5.1,647875,9734701,0.0665531483709669
6,39,Madera County,990,6039,2007,3,7.5,15382,145223,0.105919861179014
6,41,Marin County,390,6041,2007,1,3.7,4491,246100,0.0182486793986184
6,43,Mariposa County,202,6043,2007,8,6,845,17963,0.0470411401213606
6,45,Mendocino County,450,6045,2007,4,5.5,7723,85560,0.0902641421224871
6,47,Merced County,1574,6047,2007,3,10.1,32656,243083,0.134340945273836
6,49,Modoc County,36,6049,2007,6,8.1,733,9100,0.0805494505494506
6,51,Mono County,90,6051,2007,7,4.8,288,12825,0.0224561403508772
6,53,Monterey County,1242,6053,2007,2,7.1,19110,402116,0.0475236001551791
6,55,Napa County,528,6055,2007,3,4,2882,131949,0.0218417721998651
6,57,Nevada County,812,6057,2007,4,4.8,2884,96942,0.0297497472715644
6,59,Orange County,4649,6059,2007,1,3.9,84148,2957902,0.0284485422437931
6,61,Placer County,4486,6061,2007,1,4.8,7951,331870,0.0239581763943713
6,63,Plumas County,308,6063,2007,7,8.5,740,20606,0.0359118703290304
6,65,Riverside County,19937,6065,2007,1,6,95216,2055924,0.0463129960056889
6,67,Sacramento County,6984,6067,2007,1,5.4,124640,1373585,0.0907406531084716
6,69,San Benito County,63,6069,2007,1,7.2,3478,54505,0.0638106595725163
6,71,San Bernardino County,12817,6071,2007,1,5.6,154695,1992989,0.0776195954919972
6,73,San Diego County,7418,6073,2007,1,4.6,96870,2975656,0.0325541662073842
6,75,San Francisco County,310,6075,2007,1,4.2,31692,799185,0.0396553989376678
6,77,San Joaquin County,4460,6077,2007,2,8.1,59765,665246,0.0898389467956215
6,79,San Luis Obispo County,1855,6079,2007,3,4.3,8579,261706,0.0327810596623692
6,81,San Mateo County,1343,6081,2007,1,3.8,8882,697339,0.0127369901869822
6,83,Santa Barbara County,956,6083,2007,2,4.4,19085,400499,0.0476530528166113
6,85,Santa Clara County,4154,6085,2007,1,4.7,62837,1723927,0.0364499192831251
6,87,Santa Cruz County,581,6087,2007,2,5.9,12449,250126,0.0497709154586089
6,89,Shasta County,1086,6089,2007,3,7.5,14400,179334,0.080297099267289
6,91,Sierra County,28,6091,2007,8,8,174,3312,0.052536231884058
6,93,Siskiyou County,290,6093,2007,7,8.5,4025,44222,0.0910180453168106
6,95,Solano County,1774,6095,2007,2,5.3,21568,405994,0.0531239377921841
6,97,Sonoma County,1942,6097,2007,2,4.3,14367,461424,0.0311362217830022
6,99,Stanislaus County,2798,6099,2007,2,8.7,44199,506411,0.0872789098183096
6,101,Sutter County,498,6101,2007,3,9.7,6709,91497,0.0733248084636655
6,103,Tehama County,466,6103,2007,4,7.2,5954,60764,0.0979856493976697
6,105,Trinity County,98,6105,2007,8,10.4,1092,13933,0.0783750807435585
6,107,Tulare County,4640,6107,2007,2,9.2,67241,416189,0.16156361652999
6,109,Tuolumne County,294,6109,2007,4,6.2,3027,55681,0.0543632477864981
6,111,Ventura County,1693,6111,2007,2,4.9,32253,789671,0.0408435918249499
6,113,Yolo County,1502,6113,2007,1,5.7,10047,193912,0.0518121622179133
6,115,Yuba County,1377,6115,2007,3,9.3,9118,71698,0.127172306061536
6,1,Alameda County,1668,6001,2008,1,6.2,83251,1470326,0.0566207766168863
6,3,Alpine County,16,6003,2008,8,10.5,120,1057,0.11352885525071
6,5,Amador County,162,6005,2008,6,7.7,1750,37980,0.0460768825697736
6,7,Butte County,1094,6007,2008,3,8.5,21685,219503,0.0987913604825446
6,9,Calaveras County,252,6009,2008,6,8.7,2683,46944,0.0571532038173142
6,11,Colusa County,31,6011,2008,6,13.8,1528,21155,0.0722287875206807
6,13,Contra Costa County,2091,6013,2008,1,6.2,41675,1025464,0.0406401394880756
6,15,Del Norte County,88,6015,2008,7,8.8,4426,28873,0.153292002909292
6,17,El Dorado County,571,6017,2008,1,7,5903,177009,0.0333485867950217
6,19,Fresno County,3715,6019,2008,2,10.6,156177,903133,0.172928018353886
6,21,Glenn County,88,6021,2008,6,10.5,2641,28127,0.0938955452056743
6,23,Humboldt County,468,6023,2008,5,7.3,11117,128852,0.0862772793592649
6,25,Imperial County,555,6025,2008,3,22.6,23650,163093,0.145009289178567
6,27,Inyo County,20,6027,2008,7,6.6,1327,17223,0.0770481333101086
6,29,Kern County,3487,6029,2008,2,9.8,99724,797145,0.125101455820459
6,31,Kings County,546,6031,2008,3,10.6,16533,148746,0.111149207373644
6,33,Lake County,254,6033,2008,4,10.7,6862,65092,0.105420020893505
6,35,Lassen County,52,6035,2008,6,9.6,2492,34547,0.0721336150751151
6,37,Los Angeles County,7457,6037,2008,1,7.6,724937,9779254,0.074130092131772
6,39,Madera County,472,6039,2008,3,9.5,17772,147577,0.120425269520318
6,41,Marin County,323,6041,2008,1,4.7,5492,248345,0.0221143973101935
6,43,Mariposa County,108,6043,2008,8,7.5,1083,17960,0.0603006681514477
6,45,Mendocino County,288,6045,2008,4,6.9,8361,85786,0.0974634555755018
6,47,Merced County,502,6047,2008,3,12.6,38304,244356,0.156754898590581
6,49,Modoc County,18,6049,2008,6,9.7,880,9089,0.0968203322697767
6,51,Mono County,31,6051,2008,7,5.9,358,12881,0.0277928732241286
6,53,Monterey County,526,6053,2008,2,8.5,24276,405660,0.0598432184588079
6,55,Napa County,430,6055,2008,3,5.1,3450,133591,0.0258250930077625
6,57,Nevada County,377,6057,2008,4,6.6,3828,97297,0.0393434535494414
6,59,Orange County,2857,6059,2008,1,5.3,100671,2989141,0.0336789064149199
6,61,Placer County,2794,6061,2008,1,6.5,10370,341041,0.0304069012230201
6,63,Plumas County,126,6063,2008,7,10.6,823,20359,0.04042438233705
6,65,Riverside County,7922,6065,2008,1,8.6,128620,2087917,0.0616020655993509
6,67,Sacramento County,3941,6067,2008,1,7.2,146130,1386469,0.105397235711725
6,69,San Benito County,38,6069,2008,1,9.7,4229,54797,0.0771757577969597
6,71,San Bernardino County,4182,6071,2008,1,8,196588,2004914,0.0980530835736595
6,73,San Diego County,5048,6073,2008,1,6,118062,3019274,0.0391027776876163
6,75,San Francisco County,238,6075,2008,1,5.3,33796,808001,0.0418266809075731
6,77,San Joaquin County,1550,6077,2008,2,10.4,69455,668753,0.103857478022528
6,79,San Luis Obispo County,1094,6079,2008,3,5.8,10421,265134,0.0393046534959681
6,81,San Mateo County,595,6081,2008,1,4.9,10773,708100,0.015213952831521
6,83,Santa Barbara County,461,6083,2008,2,5.5,21707,403655,0.05377612069713
6,85,Santa Clara County,2143,6085,2008,1,6,70059,1755849,0.0399003558962075
6,87,Santa Cruz County,418,6087,2008,2,7.4,14536,252929,0.0574706735882402
6,89,Shasta County,738,6089,2008,3,10.1,17105,180515,0.0947566684209069
6,91,Sierra County,16,6091,2008,8,10.6,150,3250,0.0461538461538462
6,93,Siskiyou County,207,6093,2008,7,10.2,4416,44535,0.0991579656449983
6,95,Solano County,667,6095,2008,2,6.9,26766,406293,0.0658785654687627
6,97,Sonoma County,1102,6097,2008,2,5.8,17518,466424,0.037558101641425
6,99,Stanislaus County,928,6099,2008,2,11.1,55306,507450,0.108988077643118
6,101,Sutter County,196,6101,2008,3,12.4,8268,92127,0.0897456771630467
6,103,Tehama County,222,6103,2008,4,9.2,6664,61143,0.108990399555141
6,105,Trinity County,50,6105,2008,8,12.8,1204,14015,0.0859079557616839
6,107,Tulare County,2606,6107,2008,2,10.8,77477,422343,0.183445682774427
6,109,Tuolumne County,212,6109,2008,4,8,3841,55616,0.0690628596087457
6,111,Ventura County,803,6111,2008,2,6.3,39279,794778,0.0494213478480783
6,113,Yolo County,648,6113,2008,1,7.4,11564,196619,0.0588142549804444
6,115,Yuba County,214,6115,2008,3,11.9,10253,72865,0.140712276127084
6,1,Alameda County,1692,6001,2009,1,10.3,95175,1491482,0.063812369173748
6,3,Alpine County,14,6003,2009,8,14.1,114,1041,0.109510086455331
6,5,Amador County,114,6005,2009,6,11.4,2244,37876,0.059245960502693
6,7,Butte County,624,6007,2009,3,12.3,24674,220577,0.111861164128626
6,9,Calaveras County,116,6009,2009,6,13.6,3582,46731,0.0766514733260577
6,11,Colusa County,30,6011,2009,6,17.6,1704,21321,0.0799212044463205
6,13,Contra Costa County,2162,6013,2009,1,10,52375,1041274,0.0502989606962241
6,15,Del Norte County,56,6015,2009,7,11.8,5038,29114,0.173043896407227
6,17,El Dorado County,280,6017,2009,1,10.9,7772,178447,0.0435535481123247
6,19,Fresno County,3954,6019,2009,2,14.7,186505,915267,0.20377114000614
6,21,Glenn County,56,6021,2009,6,14.1,3061,28299,0.108166366302696
6,23,Humboldt County,326,6023,2009,5,10.7,12886,129623,0.0994113698957747
6,25,Imperial County,370,6025,2009,3,27.4,28045,166874,0.168060932200343
6,27,Inyo County,6,6027,2009,7,9,1549,17293,0.0895738159949112
6,29,Kern County,3204,6029,2009,2,14.1,119344,807407,0.147811450730549
6,31,Kings County,388,6031,2009,3,14.2,18793,148764,0.126327606141271
6,33,Lake County,114,6033,2009,4,15,8237,65279,0.126181467240613
6,35,Lassen County,36,6035,2009,6,12.3,2841,34473,0.0824123226873205
6,37,Los Angeles County,5110,6037,2009,1,11.6,858298,9848011,0.0871544517974239
6,39,Madera County,164,6039,2009,3,13.4,20937,148632,0.140864685935734
6,41,Marin County,174,6041,2009,1,7.5,7062,250750,0.0281635094715852
6,43,Mariposa County,52,6043,2009,8,10.3,1230,17792,0.0691321942446043
6,45,Mendocino County,226,6045,2009,4,10,11037,86040,0.128277545327755
6,47,Merced County,177,6047,2009,3,16.6,45039,245321,0.183592109929439
6,49,Modoc County,28,6049,2009,6,12.1,1053,9107,0.115625343142638
6,51,Mono County,24,6051,2009,7,8.8,506,12927,0.0391428792449911
6,53,Monterey County,260,6053,2009,2,11.5,29757,410370,0.0725126105709482
6,55,Napa County,254,6055,2009,3,8.4,4971,134650,0.0369179353880431
6,57,Nevada County,206,6057,2009,4,10.3,4848,97751,0.0495954005585621
6,59,Orange County,2839,6059,2009,1,8.7,136395,3026786,0.0450626506135551
6,61,Placer County,2241,6061,2009,1,10.2,13464,348552,0.0386283825655856
6,63,Plumas County,72,6063,2009,7,15.4,1033,20122,0.0513368452440115
6,65,Riverside County,6922,6065,2009,1,13.1,182333,2125440,0.0857860019572418
6,67,Sacramento County,1868,6067,2009,1,11,171476,1400949,0.122399887504827
6,69,San Benito County,80,6069,2009,1,14,5308,55058,0.0964074248973809
6,71,San Bernardino County,3040,6071,2009,1,12.7,262382,2017673,0.130041884884221
6,73,San Diego County,3800,6073,2009,1,9.4,153578,3053793,0.0502909005292762
6,75,San Francisco County,100,6075,2009,1,8.7,39562,815358,0.0485210177615232
6,77,San Joaquin County,1584,6077,2009,2,14.9,80728,674860,0.119621847494295
6,79,San Luis Obispo County,672,6079,2009,3,8.8,13033,266971,0.0488180364159403
6,81,San Mateo County,498,6081,2009,1,8.2,15456,718989,0.0214968518294438
6,83,Santa Barbara County,330,6083,2009,2,8.2,26459,407057,0.0650007247142292
6,85,Santa Clara County,1286,6085,2009,1,10.6,84295,1784642,0.047233562809796
6,87,Santa Cruz County,238,6087,2009,2,11.1,17654,256218,0.068902262916735
6,89,Shasta County,454,6089,2009,3,14.3,20306,181099,0.112126516435762
6,91,Sierra County,10,6091,2009,8,14.9,194,3174,0.0611216131064902
6,93,Siskiyou County,117,6093,2009,7,14.2,5160,44634,0.115606936416185
6,95,Solano County,1145,6095,2009,2,10.4,33136,407234,0.0813684515536522
6,97,Sonoma County,753,6097,2009,2,9.4,23210,472102,0.0491631045833316
6,99,Stanislaus County,574,6099,2009,2,15.5,67469,510385,0.132192364587517
6,101,Sutter County,108,6101,2009,3,16.5,9822,92614,0.106053080527782
6,103,Tehama County,124,6103,2009,4,13.6,8150,61138,0.133304982171481
6,105,Trinity County,58,6105,2009,8,16.8,1410,14165,0.0995411224849982
6,107,Tulare County,2006,6107,2009,2,14.9,93592,429668,0.217823994339816
6,109,Tuolumne County,100,6109,2009,4,12.2,5051,55175,0.0915450838241957
6,111,Ventura County,399,6111,2009,2,9.6,51238,802983,0.0638095700656178
6,113,Yolo County,492,6113,2009,1,11,13757,199407,0.0689895540276921
6,115,Yuba County,219,6115,2009,3,16.8,12136,72925,0.166417552279739
6,1,Alameda County,1857,6001,2010,1,10.9,106631,1513402,0.0704578162312459
6,3,Alpine County,8,6003,2010,8,12.9,151,1161,0.130060292850991
6,5,Amador County,56,6005,2010,6,14.1,2708,37884,0.071481364164291
6,7,Butte County,398,6007,2010,3,13.9,26476,219957,0.120368981209964
6,9,Calaveras County,90,6009,2010,6,14.4,4407,45470,0.096921046844073
6,11,Colusa County,27,6011,2010,6,20.8,1629,21453,0.0759334358830933
6,13,Contra Costa County,1828,6013,2010,1,11,60748,1052799,0.0577014225887373
6,15,Del Norte County,58,6015,2010,7,13.2,5358,28566,0.18756563747112
6,17,El Dorado County,238,6017,2010,1,12.2,10177,181149,0.0561802714892161
6,19,Fresno County,3717,6019,2010,2,16.7,204523,932218,0.219393961498276
6,21,Glenn County,90,6021,2010,6,15.4,3282,28130,0.116672591539282
6,23,Humboldt County,335,6023,2010,5,10.6,14621,135019,0.108288463105193
6,25,Imperial County,204,6025,2010,3,28.8,33697,174778,0.19279886484569
6,27,Inyo County,16,6027,2010,7,9.7,1714,18517,0.0925635902143976
6,29,Kern County,2503,6029,2010,2,15.7,132714,841116,0.157783230850442
6,31,Kings County,360,6031,2010,3,16.1,21852,152404,0.143382063462901
6,33,Lake County,92,6033,2010,4,15.1,8876,64742,0.137098019832566
6,35,Lassen County,26,6035,2010,6,14,3181,34831,0.0913266917401166
6,37,Los Angeles County,5327,6037,2010,1,12.5,971030,9824490,0.0988377004811446
6,39,Madera County,242,6039,2010,3,16.6,24320,151037,0.161020147381105
6,41,Marin County,193,6041,2010,1,7.9,7561,252940,0.0298924646161145
6,43,Mariposa County,86,6043,2010,8,12.9,1527,18280,0.0835339168490153
6,45,Mendocino County,252,6045,2010,4,11.6,12734,87799,0.145035820453536
6,47,Merced County,200,6047,2010,3,18,49693,256772,0.1935296683439
6,49,Modoc County,32,6049,2010,6,15.2,1152,9699,0.118775131456851
6,51,Mono County,31,6051,2010,7,10.2,582,14204,0.0409743734159392
6,53,Monterey County,266,6053,2010,2,12.7,36029,416475,0.0865093943213878
6,55,Napa County,218,6055,2010,3,10.3,6225,136794,0.0455063818588535
6,57,Nevada County,220,6057,2010,4,11.7,5552,98791,0.0561994513670274
6,59,Orange County,3502,6059,2010,1,9.7,170556,3017116,0.0565294804707542
6,61,Placer County,2192,6061,2010,1,11.6,14805,350034,0.042295891256278
6,63,Plumas County,70,6063,2010,7,18.2,1265,19914,0.063523149543035
6,65,Riverside County,8130,6065,2010,1,13.8,220147,2202001,0.0999758855695343
6,67,Sacramento County,1669,6067,2010,1,12.6,189871,1421651,0.133556688666909
6,69,San Benito County,94,6069,2010,1,15.1,6018,55532,0.108369948858316
6,71,San Bernardino County,2616,6071,2010,1,13.5,312677,2041234,0.153180380103408
6,73,San Diego County,4832,6073,2010,1,10.8,193580,3103793,0.0623688499845189
6,75,San Francisco County,89,6075,2010,1,8.9,44044,805770,0.0546607592737382
6,77,San Joaquin County,1608,6077,2010,2,16.5,92086,687291,0.133984003864448
6,79,San Luis Obispo County,615,6079,2010,3,10.1,15455,269819,0.0572791389783522
6,81,San Mateo County,403,6081,2010,1,8.4,20340,719899,0.0282539634031996
6,83,Santa Barbara County,493,6083,2010,2,9.7,29619,424338,0.06980048923264
6,85,Santa Clara County,1755,6085,2010,1,10.4,96329,1786542,0.0539192473504681
6,87,Santa Cruz County,211,6087,2010,2,13.3,19862,263216,0.0754589386663425
6,89,Shasta County,389,6089,2010,3,16.8,22251,177284,0.125510480359198
6,91,Sierra County,14,6091,2010,8,15.3,267,3221,0.0828935113318845
6,93,Siskiyou County,59,6093,2010,7,16.8,5660,44939,0.125948507977481
6,95,Solano County,902,6095,2010,2,12.6,36782,414076,0.0888291038360108
6,97,Sonoma County,619,6097,2010,2,10.8,27643,484827,0.0570162140309842
6,99,Stanislaus County,332,6099,2010,2,16.9,78688,515242,0.152720469216407
6,101,Sutter County,174,6101,2010,3,18.4,10879,94764,0.11480097927483
6,103,Tehama County,154,6103,2010,4,15.4,9189,63563,0.144565234491764
6,105,Trinity County,80,6105,2010,8,17,1416,13749,0.102989308313332
6,107,Tulare County,2240,6107,2010,2,17.2,103883,443060,0.234467115063423
6,109,Tuolumne County,114,6109,2010,4,15.2,5142,55188,0.0931724287888671
6,111,Ventura County,426,6111,2010,2,10.8,58796,825298,0.0712421452614692
6,113,Yolo County,292,6113,2010,1,12.1,15342,201101,0.076290023421067
6,115,Yuba County,122,6115,2010,3,17.8,13154,72351,0.181808129811613
6,1,Alameda County,1754,6001,2011,1,10.1,118161,1532215,0.0771177674151474
6,3,Alpine County,6,6003,2011,8,12.8,149,1093,0.136322049405306
6,5,Amador County,159,6005,2011,6,13.6,3000,37539,0.0799168864381044
6,7,Butte County,410,6007,2011,3,13.7,28385,220003,0.129020967895892
6,9,Calaveras County,58,6009,2011,6,14,4889,45163,0.10825233044749
6,11,Colusa County,18,6011,2011,6,21.2,1767,21366,0.0827014883459702
6,13,Contra Costa County,1464,6013,2011,1,10.3,66423,1066182,0.0622998700034328
6,15,Del Norte County,66,6015,2011,7,13.3,5496,28447,0.193201392062432
6,17,El Dorado County,282,6017,2011,1,11.7,11531,180975,0.0637159828705622
6,19,Fresno County,1819,6019,2011,2,16.5,212930,940360,0.226434556978179
6,21,Glenn County,52,6021,2011,6,15.5,3525,28160,0.125177556818182
6,23,Humboldt County,330,6023,2011,5,10.6,15313,135239,0.113229172058356
6,25,Imperial County,283,6025,2011,3,28.9,35224,176157,0.199957992018484
6,27,Inyo County,12,6027,2011,7,9.7,1863,18401,0.101244497581653
6,29,Kern County,1516,6029,2011,2,14.8,138740,848767,0.163460643498157
6,31,Kings County,278,6031,2011,3,15.9,22680,152030,0.14918108268105
6,33,Lake County,86,6033,2011,4,14.5,10095,64273,0.157064397180776
6,35,Lassen County,42,6035,2011,6,13.5,3112,34244,0.0908772339679944
6,37,Los Angeles County,5018,6037,2011,1,12.2,1049812,9885998,0.106191807847827
6,39,Madera County,276,6039,2011,3,16.2,26471,151876,0.174293502594222
6,41,Marin County,155,6041,2011,1,7.3,9041,255505,0.0353848261286472
6,43,Mariposa County,52,6043,2011,8,13.2,1788,18174,0.0983823043908881
6,45,Mendocino County,208,6045,2011,4,11.4,13515,87367,0.154692275115318
6,47,Merced County,191,6047,2011,3,17.6,52943,259607,0.203935178943557
6,49,Modoc County,22,6049,2011,6,16,988,9515,0.103836048344719
6,51,Mono County,21,6051,2011,7,10.1,638,14329,0.0445250889803894
6,53,Monterey County,270,6053,2011,2,12.7,41235,421162,0.0979076934766194
6,55,Napa County,264,6055,2011,3,9.8,7087,137905,0.0513904499474276
6,57,Nevada County,182,6057,2011,4,11.1,6465,98714,0.0654922300788135
6,59,Orange County,4019,6059,2011,1,9.1,199096,3053465,0.0652033018226834
6,61,Placer County,1616,6061,2011,1,10.8,17998,356445,0.0504930634459734
6,63,Plumas County,84,6063,2011,7,17.6,1548,19716,0.0785149117468046
6,65,Riverside County,4607,6065,2011,1,13.2,248641,2235890,0.111204486803913
6,67,Sacramento County,1501,6067,2011,1,12.1,199639,1434506,0.13916916346115
6,69,San Benito County,64,6069,2011,1,14.5,6411,56034,0.114412678016918
6,71,San Bernardino County,2256,6071,2011,1,12.9,342234,2062381,0.16594121066864
6,73,San Diego County,4839,6073,2011,1,10.3,230147,3139767,0.0733006621191955
6,75,San Francisco County,140,6075,2011,1,8.1,49812,816294,0.0610221317319495
6,77,San Joaquin County,1566,6077,2011,2,16.2,103508,695071,0.148917160980677
6,79,San Luis Obispo County,542,6079,2011,3,9.6,17204,271150,0.063448275862069
6,81,San Mateo County,494,6081,2011,1,7.5,23798,729022,0.0326437336596152
6,83,Santa Barbara County,284,6083,2011,2,9.4,31327,426058,0.0735275478925405
6,85,Santa Clara County,2057,6085,2011,1,9.3,101704,1813812,0.0560719633567316
6,87,Santa Cruz County,214,6087,2011,2,13.1,21280,265103,0.0802706872423171
6,89,Shasta County,208,6089,2011,3,15.9,24817,177595,0.139739294462119
6,91,Sierra County,12,6091,2011,8,14.9,243,3100,0.0783870967741936
6,93,Siskiyou County,56,6093,2011,7,17,5910,44614,0.132469628367777
6,95,Solano County,774,6095,2011,2,12.2,39320,416652,0.0943713218705298
6,97,Sonoma County,935,6097,2011,2,10.2,31374,487822,0.064314442563066
6,99,Stanislaus County,215,6099,2011,2,16.5,86122,518034,0.166247775242552
6,101,Sutter County,68,6101,2011,3,18.2,11685,94560,0.123572335025381
6,103,Tehama County,71,6103,2011,4,15,9629,63347,0.152004041233208
6,105,Trinity County,50,6105,2011,8,16.7,1476,13677,0.107918403158587
6,107,Tulare County,1466,6107,2011,2,17.1,108198,447358,0.241859986856164
6,109,Tuolumne County,92,6109,2011,4,14.5,5242,54832,0.0956011088415524
6,111,Ventura County,546,6111,2011,2,10.2,62700,830990,0.0754521715062757
6,113,Yolo County,370,6113,2011,1,11.8,16148,202082,0.0799081560950505
6,115,Yuba County,119,6115,2011,3,17,13382,72511,0.184551309456496
6,1,Alameda County,2902,6001,2012,1,8.7,125119,1556648,0.0803771951012689
6,3,Alpine County,2,6003,2012,8,11.2,150,1110,0.135135135135135
6,5,Amador County,220,6005,2012,6,12.3,3351,37112,0.0902942444492347
6,7,Butte County,462,6007,2012,3,12.2,29817,220969,0.134937479917998
6,9,Calaveras County,58,6009,2012,6,12.4,5105,44826,0.11388479900058
6,11,Colusa County,20,6011,2012,6,20.7,1761,21350,0.0824824355971897
6,13,Contra Costa County,2557,6013,2012,1,8.9,69779,1079093,0.0646644913830411
6,15,Del Norte County,64,6015,2012,7,13.5,5553,28203,0.196893947452399
6,17,El Dorado County,382,6017,2012,1,10.2,11830,180680,0.0654748727031215
6,19,Fresno County,2772,6019,2012,2,15.1,218998,946851,0.231290878923928
6,21,Glenn County,78,6021,2012,6,14.2,3481,27894,0.124793862479386
6,23,Humboldt County,205,6023,2012,5,9.6,15823,134596,0.117559214241136
6,25,Imperial County,434,6025,2012,3,27.4,36533,177241,0.206120480024374
6,27,Inyo County,8,6027,2012,7,9.1,1985,18370,0.108056614044638
6,29,Kern County,2772,6029,2012,2,13.1,143091,855237,0.167311517158402
6,31,Kings County,478,6031,2012,3,14.9,23301,151265,0.154040921561498
6,33,Lake County,80,6033,2012,4,12.8,10237,64005,0.15994062963831
6,35,Lassen County,20,6035,2012,6,12.5,2999,33632,0.0891710275927688
6,37,Los Angeles County,6025,6037,2012,1,10.9,1104786,9956152,0.110965160033716
6,39,Madera County,236,6039,2012,3,14.4,27190,151900,0.178999341672153
6,41,Marin County,179,6041,2012,1,6.3,9380,256381,0.0365861744825085
6,43,Mariposa County,56,6043,2012,8,12.2,1845,17893,0.10311294919801
6,45,Mendocino County,144,6045,2012,4,10,13902,87376,0.159105475187695
6,47,Merced County,162,6047,2012,3,16.3,55014,261407,0.210453430856863
6,49,Modoc County,8,6049,2012,6,14.4,1019,9359,0.108879153755743
6,51,Mono County,24,6051,2012,7,10.3,724,14248,0.0508141493542953
6,53,Monterey County,268,6053,2012,2,11.6,45322,426094,0.106366200885251
6,55,Napa County,215,6055,2012,3,8.4,7375,138876,0.0531049281373312
6,57,Nevada County,184,6057,2012,4,9.7,7248,98173,0.0738288531469956
6,59,Orange County,5170,6059,2012,1,7.9,220083,3085386,0.0713307832472177
6,61,Placer County,2397,6061,2012,1,9.4,18138,360569,0.0503038253427222
6,63,Plumas County,46,6063,2012,7,16.1,1690,19377,0.087216803426743
6,65,Riverside County,6350,6065,2012,1,11.6,272075,2264804,0.120131808315422
6,67,Sacramento County,2463,6067,2012,1,10.5,206289,1446585,0.142604133182634
6,69,San Benito County,82,6069,2012,1,13,6205,56701,0.109433696054743
6,71,San Bernardino County,2850,6071,2012,1,11.4,367817,2076601,0.177124541498343
6,73,San Diego County,4980,6073,2012,1,9.1,248975,3179798,0.0782989988672236
6,75,San Francisco County,158,6075,2012,1,6.8,50119,830406,0.0603548143919962
6,77,San Joaquin County,1988,6077,2012,2,14.4,109140,700958,0.155701197503987
6,79,San Luis Obispo County,644,6079,2012,3,8.2,17576,274378,0.0640576139486402
6,81,San Mateo County,583,6081,2012,1,6.4,28038,740644,0.0378562440254697
6,83,Santa Barbara County,541,6083,2012,2,8.4,32639,430827,0.0757589473268853
6,85,Santa Clara County,3118,6085,2012,1,7.9,105745,1841868,0.0574118232142586
6,87,Santa Cruz County,322,6087,2012,2,11.8,22812,266794,0.0855041717579856
6,89,Shasta County,392,6089,2012,3,14.2,25541,177917,0.143555702940135
6,91,Sierra County,6,6091,2012,8,14.4,309,3068,0.100717079530639
6,93,Siskiyou County,57,6093,2012,7,15.6,6231,44082,0.141350210970464
6,95,Solano County,962,6095,2012,2,10.7,40821,420267,0.097131109508955
6,97,Sonoma County,652,6097,2012,2,8.9,34859,490740,0.0710335411827037
6,99,Stanislaus County,371,6099,2012,2,14.9,90631,521349,0.173839405081817
6,101,Sutter County,50,6101,2012,3,16.8,12146,94342,0.128744355642238
6,103,Tehama County,116,6103,2012,4,13.7,10091,63241,0.159564206764599
6,105,Trinity County,10,6105,2012,8,14.6,1589,13482,0.117860851505711
6,107,Tulare County,1060,6107,2012,2,16.2,111659,450779,0.247702310888484
6,109,Tuolumne County,74,6109,2012,4,13,5208,54237,0.0960230101222413
6,111,Ventura County,515,6111,2012,2,9.1,65489,835143,0.0784165107053523
6,113,Yolo County,504,6113,2012,1,10.6,16942,204890,0.0826882717555762
6,115,Yuba County,156,6115,2012,3,15.4,13305,72832,0.182680689806678
6,1,Alameda County,2874,6001,2013,1,7.2,126842,1582936,0.0801308454669045
6,3,Alpine County,0,6003,2013,8,9.7,175,1127,0.15527950310559
6,5,Amador County,28,6005,2013,6,10.3,3357,36635,0.0916336836358673
6,7,Butte County,678,6007,2013,3,10.3,30911,221768,0.13938440171711
6,9,Calaveras County,86,6009,2013,6,9.9,5089,44667,0.113931985582197
6,11,Colusa County,87,6011,2013,6,18.9,1744,21336,0.0817397825271841
6,13,Contra Costa County,3392,6013,2013,1,7.5,69003,1095310,0.0629986031351855
6,15,Del Norte County,36,6015,2013,7,11.8,5255,27830,0.188825008983112
6,17,El Dorado County,411,6017,2013,1,8.5,12021,181618,0.0661883733991124
6,19,Fresno County,4355,6019,2013,2,13.3,222504,953787,0.233284790000283
6,21,Glenn County,56,6021,2013,6,12.1,3625,27866,0.130086844182875
6,23,Humboldt County,246,6023,2013,5,8.1,16905,134444,0.12574008509119
6,25,Imperial County,540,6025,2013,3,25,37660,177267,0.212447889342066
6,27,Inyo County,12,6027,2013,7,7.8,2176,18377,0.11840888066605
6,29,Kern County,2812,6029,2013,2,11.7,147743,864014,0.17099607182291
6,31,Kings County,502,6031,2013,3,13.4,24007,150675,0.159329683092749
6,33,Lake County,96,6033,2013,4,10.9,10701,63855,0.167582804792107
6,35,Lassen County,10,6035,2013,7,10.6,3047,32135,0.0948187334681811
6,37,Los Angeles County,8467,6037,2013,1,9.8,1164354,10018604,0.116219185826688
6,39,Madera County,434,6039,2013,3,12.6,27487,151819,0.181051120083784
6,41,Marin County,286,6041,2013,1,5.2,9776,258856,0.0377661711530735
6,43,Mariposa County,48,6043,2013,8,10.5,1902,17820,0.106734006734007
6,45,Mendocino County,222,6045,2013,4,8.4,13496,87164,0.154834564728558
6,47,Merced County,215,6047,2013,2,14.5,56871,262712,0.216476597947562
6,49,Modoc County,16,6049,2013,6,12.3,956,9154,0.104435219576142
6,51,Mono County,26,6051,2013,7,8.5,672,13997,0.0480102879188398
6,53,Monterey County,433,6053,2013,2,10.3,47154,428382,0.110074652996625
6,55,Napa County,165,6055,2013,3,6.9,6807,139978,0.048629070282473
6,57,Nevada County,348,6057,2013,4,8.1,7635,97992,0.0779145236345824
6,59,Orange County,7992,6059,2013,1,6.6,235126,3113649,0.0755146132399638
6,61,Placer County,2534,6061,2013,1,7.7,18037,365822,0.0493053998939375
6,63,Plumas County,54,6063,2013,7,13.8,1644,18899,0.0869887295624107
6,65,Riverside County,8955,6065,2013,1,9.9,283629,2291406,0.123779461169256
6,67,Sacramento County,3532,6067,2013,1,8.9,213177,1459474,0.14606426698934
6,69,San Benito County,284,6069,2013,1,11.1,6359,57370,0.11084190343385
6,71,San Bernardino County,4460,6071,2013,1,9.8,381559,2086732,0.18285002578194
6,73,San Diego County,5634,6073,2013,1,7.8,264226,3216522,0.0821464923914713
6,75,San Francisco County,248,6075,2013,1,5.5,49765,841270,0.059154611480262
6,77,San Joaquin County,2140,6077,2013,2,12.3,115309,703747,0.163850076803169
6,79,San Luis Obispo County,1008,6079,2013,2,6.8,17702,275973,0.0641439561116486
6,81,San Mateo County,747,6081,2013,1,5.3,29376,750345,0.0391499910041381
6,83,Santa Barbara County,752,6083,2013,2,7.2,32932,435980,0.0755355750263774
6,85,Santa Clara County,3888,6085,2013,1,6.5,111182,1870935,0.0594259020222509
6,87,Santa Cruz County,274,6087,2013,2,10.3,23246,269395,0.0862896490283784
6,89,Shasta County,408,6089,2013,3,11.8,24275,178445,0.136036313710107
6,91,Sierra County,0,6091,2013,8,12.7,313,3030,0.103300330033003
6,93,Siskiyou County,38,6093,2013,6,13.1,6646,43543,0.152630732838803
6,95,Solano County,1100,6095,2013,2,9.1,42114,424384,0.0992355979490273
6,97,Sonoma County,966,6097,2013,2,7.1,35022,495007,0.0707505146391869
6,99,Stanislaus County,562,6099,2013,2,12.9,93200,524625,0.177650702883012
6,101,Sutter County,110,6101,2013,3,14.6,12700,94702,0.134104876348968
6,103,Tehama County,119,6103,2013,4,11.6,10151,62916,0.161342106936232
6,105,Trinity County,28,6105,2013,8,11.9,1554,13422,0.115780062583818
6,107,Tulare County,1734,6107,2013,2,14.4,116882,453663,0.257640583428668
6,109,Tuolumne County,68,6109,2013,4,10.8,5279,54018,0.0977266836980266
6,111,Ventura County,855,6111,2013,2,7.9,68237,840175,0.0812176034754664
6,113,Yolo County,662,6113,2013,1,9,16758,206650,0.0810936365835955
6,115,Yuba County,210,6115,2013,3,13.2,13213,73159,0.180606623928703
6,1,Alameda County,3306,6001,2014,1,5.8,122606,1611572,0.076078512160797
6,3,Alpine County,6,6003,2014,8,8.2,193,1084,0.178044280442804
6,5,Amador County,41,6005,2014,6,8.3,3357,36748,0.091351910308044
6,7,Butte County,760,6007,2014,3,8.6,30818,223629,0.137808602640981
6,9,Calaveras County,140,6009,2014,6,8,5199,44677,0.116368601293731
6,11,Colusa County,105,6011,2014,6,17.4,1711,21268,0.0804495015986459
6,13,Contra Costa County,3052,6013,2014,1,6.2,75091,1110971,0.0675904231523595
6,15,Del Norte County,16,6015,2014,7,10.1,5197,27206,0.191024038814967
6,17,El Dorado County,338,6017,2014,1,7,12391,183333,0.0675873956134466
6,19,Fresno County,2956,6019,2014,2,11.6,227553,963170,0.236254243799122
6,21,Glenn County,56,6021,2014,6,10.7,3668,27909,0.131427138199147
6,23,Humboldt County,334,6023,2014,5,6.7,18984,134584,0.141056886405516
6,25,Imperial County,386,6025,2014,3,24,39783,178868,0.222415412482948
6,27,Inyo County,14,6027,2014,7,6.8,2133,18340,0.116303162486369
6,29,Kern County,2743,6029,2014,2,10.4,146764,871895,0.168327608255581
6,31,Kings County,579,6031,2014,3,11.9,23735,149862,0.158379042052021
6,33,Lake County,90,6033,2014,4,8.9,10962,64113,0.17097936455945
6,35,Lassen County,12,6035,2014,7,9.1,3154,31716,0.0994450750409888
6,37,Los Angeles County,10101,6037,2014,1,8.3,1173674,10072695,0.116520355277312
6,39,Madera County,422,6039,2014,3,11.2,28705,154103,0.186271519697864
6,41,Marin County,316,6041,2014,1,4.3,10023,261007,0.0384012689314846
6,43,Mariposa County,48,6043,2014,8,8.8,1965,17730,0.11082910321489
6,45,Mendocino County,212,6045,2014,4,7,13904,87375,0.159130185979971
6,47,Merced County,328,6047,2014,2,12.8,57397,265281,0.216363026375805
6,49,Modoc County,8,6049,2014,6,10.3,997,9083,0.109765495981504
6,51,Mono County,41,6051,2014,7,7,849,14072,0.0603325753268903
6,53,Monterey County,486,6053,2014,2,9,48693,430416,0.113130088100814
6,55,Napa County,208,6055,2014,3,5.7,7206,140918,0.0511361217161754
6,57,Nevada County,438,6057,2014,4,6.5,7762,98614,0.0787109335388484
6,59,Orange County,7930,6059,2014,1,5.5,264116,3136750,0.0842005260221567
6,61,Placer County,3300,6061,2014,1,6.3,18296,369727,0.0494851606726044
6,63,Plumas County,64,6063,2014,7,11.5,1785,18667,0.0956232924412064
6,65,Riverside County,10158,6065,2014,1,8.2,286916,2321738,0.123578112603575
6,67,Sacramento County,3354,6067,2014,1,7.3,213713,1477522,0.144642854725683
6,69,San Benito County,210,6069,2014,1,9.3,6117,57974,0.105512816089971
6,71,San Bernardino County,4446,6071,2014,1,8,388781,2104038,0.184778506852063
6,73,San Diego County,5495,6073,2014,1,6.4,296076,3256875,0.090908002302821
6,75,San Francisco County,220,6075,2014,1,4.4,51565,853258,0.0604330694819152
6,77,San Joaquin County,2487,6077,2014,2,10.5,116738,713452,0.1636241821454
6,79,San Luis Obispo County,1686,6079,2014,2,5.6,17836,278534,0.0640352703799177
6,81,San Mateo County,710,6081,2014,1,4.2,31198,759156,0.0410956377872269
6,83,Santa Barbara County,797,6083,2014,2,6.1,34201,440628,0.0776187623119729
6,85,Santa Clara County,3828,6085,2014,1,5.2,109834,1896246,0.0579218097230001
6,87,Santa Cruz County,236,6087,2014,2,8.8,23570,271529,0.086804724357251
6,89,Shasta County,482,6089,2014,3,9.6,24524,178983,0.137018599531799
6,91,Sierra County,8,6091,2014,8,10.1,293,2979,0.0983551527358174
6,93,Siskiyou County,21,6093,2014,6,11.1,6873,43390,0.158400553122839
6,95,Solano County,1292,6095,2014,2,7.5,43115,429993,0.100269074147719
6,97,Sonoma County,873,6097,2014,2,5.6,34498,499563,0.0690563552544924
6,99,Stanislaus County,781,6099,2014,2,11.2,92198,529544,0.17410828939616
6,101,Sutter County,145,6101,2014,3,12.6,12943,94983,0.13626648979291
6,103,Tehama County,133,6103,2014,4,9.6,11086,62820,0.176472460999682
6,105,Trinity County,60,6105,2014,8,9.4,1830,13122,0.139460448102423
6,107,Tulare County,1724,6107,2014,2,13.1,131141,456452,0.287305127373744
6,109,Tuolumne County,104,6109,2014,4,8.7,5525,53852,0.102596003862438
6,111,Ventura County,1112,6111,2014,2,6.6,76085,844749,0.0900681740966843
6,113,Yolo County,434,6113,2014,1,7.5,17857,208873,0.0854921411575455
6,115,Yuba County,402,6115,2014,3,11.2,13343,73642,0.181187365905326
6,1,Alameda County,4066,6001,2015,1,4.7,117520,1637141,0.0717836765434376
6,3,Alpine County,8,6003,2015,8,7.3,169,1088,0.155330882352941
6,5,Amador County,32,6005,2015,6,6.6,3405,37047,0.0919102761357195
6,7,Butte County,778,6007,2015,3,7.2,31763,224818,0.141283171276321
6,9,Calaveras County,204,6009,2015,6,6.4,5424,44954,0.120656671263959
6,11,Colusa County,82,6011,2015,6,15.4,1542,21341,0.0722552832575793
6,13,Contra Costa County,4198,6013,2015,1,5,70821,1126027,0.0628945842328825
6,15,Del Norte County,40,6015,2015,7,8.5,5147,27253,0.188859942024731
6,17,El Dorado County,1168,6017,2015,1,5.7,13084,184865,0.0707759716549915
6,19,Fresno County,4010,6019,2015,2,10.2,224880,972333,0.231278790290981
6,21,Glenn County,40,6021,2015,6,8.7,3594,27841,0.129090190725908
6,23,Humboldt County,277,6023,2015,5,5.6,20795,135219,0.153787559440611
6,25,Imperial County,255,6025,2015,3,24.1,42501,179839,0.236328048977141
6,27,Inyo County,8,6027,2015,7,5.8,2044,18197,0.11232620761664
6,29,Kern County,3840,6029,2015,2,10.2,157568,879607,0.179134545313987
6,31,Kings County,676,6031,2015,3,10.5,24508,150482,0.162863332491594
6,33,Lake County,142,6033,2015,4,7.6,11962,64310,0.186005286891619
6,35,Lassen County,7,6035,2015,7,7.2,3168,31393,0.10091421654509
6,37,Los Angeles County,10572,6037,2015,1,6.6,1154669,10123248,0.114061119514211
6,39,Madera County,422,6039,2015,3,10.5,29285,154423,0.189641439422884
6,41,Marin County,322,6041,2015,1,3.5,10204,261718,0.0389885296387715
6,43,Mariposa County,52,6043,2015,8,7.1,2125,17649,0.120403422290215
6,45,Mendocino County,212,6045,2015,4,5.8,13000,87318,0.148881101262054
6,47,Merced County,360,6047,2015,2,11.4,58024,267406,0.216988399661937
6,49,Modoc County,9,6049,2015,6,8.6,954,9050,0.105414364640884
6,51,Mono County,59,6051,2015,7,6.1,845,13954,0.0605561129425254
6,53,Monterey County,676,6053,2015,2,8.1,49714,432774,0.114872889776188
6,55,Napa County,297,6055,2015,3,4.6,7273,141507,0.0513967506907786
6,57,Nevada County,418,6057,2015,4,5.4,7673,98715,0.0777288152763005
6,59,Orange County,8240,6059,2015,1,4.5,250302,3160576,0.079195058115989
6,61,Placer County,4008,6061,2015,1,5.1,17901,373469,0.047931689109404
6,63,Plumas County,62,6063,2015,7,10.3,1968,18525,0.106234817813765
6,65,Riverside County,9513,6065,2015,1,6.7,290531,2352080,0.123520883643414
6,67,Sacramento County,4639,6067,2015,1,6,214724,1496130,0.143519613937292
6,69,San Benito County,399,6069,2015,1,7.7,5897,58364,0.10103831128778
6,71,San Bernardino County,5945,6071,2015,1,6.4,396950,2120794,0.187170465401166
6,73,San Diego County,7073,6073,2015,1,5.2,284616,3290044,0.0865082655429532
6,75,San Francisco County,320,6075,2015,1,3.6,49342,866320,0.0569558592667836
6,77,San Joaquin County,3478,6077,2015,2,8.9,119882,723846,0.1656181010878
6,79,San Luis Obispo County,1424,6079,2015,2,4.7,18365,280402,0.0654952532435575
6,81,San Mateo County,1150,6081,2015,1,3.4,30624,766779,0.0399384959681994
6,83,Santa Barbara County,923,6083,2015,2,5.3,35840,443927,0.0807339945531585
6,85,Santa Clara County,3704,6085,2015,1,4.2,107258,1919220,0.0558862454538823
6,87,Santa Cruz County,279,6087,2015,2,7.5,25656,274299,0.09353296949679
6,89,Shasta County,658,6089,2015,3,7.8,24967,178472,0.139893092473889
6,91,Sierra County,2,6091,2015,8,8.8,314,2994,0.104876419505678
6,93,Siskiyou County,154,6093,2015,6,9.4,6906,43351,0.159304283638209
6,95,Solano County,2114,6095,2015,2,6.1,43352,434751,0.0997168494149525
6,97,Sonoma County,914,6097,2015,2,4.5,35427,502096,0.0705582199420031
6,99,Stanislaus County,699,6099,2015,2,9.5,91304,535000,0.170661682242991
6,101,Sutter County,156,6101,2015,3,10.7,13008,95524,0.136175202043466
6,103,Tehama County,127,6103,2015,4,7.9,10391,63128,0.16460207831707
6,105,Trinity County,46,6105,2015,8,7.8,1846,13092,0.141002138710663
6,107,Tulare County,2330,6107,2015,2,11.5,121567,458601,0.265082282855903
6,109,Tuolumne County,98,6109,2015,4,7,5526,53589,0.103118177237866
6,111,Ventura County,1225,6111,2015,2,5.6,73532,848925,0.0866177813116589
6,113,Yolo County,674,6113,2015,1,6.4,19970,212428,0.0940083228199672
6,115,Yuba County,360,6115,2015,3,9.3,13428,74201,0.180967911483673
6,1,Alameda County,5056,6001,2016,1,4.3,117520,1653236,0.0710848299940238
6,3,Alpine County,4,6003,2016,8,6.5,169,1057,0.159886471144749
6,5,Amador County,77,6005,2016,6,6,3405,37473,0.0908654231046353
6,7,Butte County,944,6007,2016,3,6.6,31763,226525,0.140218518927271
6,9,Calaveras County,364,6009,2016,6,5.7,5424,45315,0.119695465077789
6,11,Colusa County,94,6011,2016,6,15.6,1542,21645,0.0712404712404712
6,13,Contra Costa County,3821,6013,2016,1,4.5,70821,1138645,0.0621976120740002
6,15,Del Norte County,44,6015,2016,7,7.5,5147,27450,0.187504553734062
6,17,El Dorado County,1524,6017,2016,1,5.1,13084,186272,0.0702413674626353
6,19,Fresno County,5175,6019,2016,2,9.5,224880,979534,0.2295785547005
6,21,Glenn County,114,6021,2016,6,8.3,3594,27967,0.128508599420746
6,23,Humboldt County,326,6023,2016,5,4.9,20795,136449,0.152401263475731
6,25,Imperial County,426,6025,2016,3,23.6,42501,180980,0.234838103657863
6,27,Inyo County,14,6027,2016,7,5.3,2044,18034,0.113341466119552
6,29,Kern County,4289,6029,2016,2,10.4,157568,885086,0.178025638186572
6,31,Kings County,886,6031,2016,3,10,24508,149797,0.163608082938911
6,33,Lake County,482,6033,2016,4,6.7,11962,63950,0.187052384675528
6,35,Lassen County,26,6035,2016,7,6.9,3168,30944,0.102378490175801
6,37,Los Angeles County,11485,6037,2016,1,5.3,1154669,10150558,0.113754238929525
6,39,Madera County,600,6039,2016,3,9.2,29285,154966,0.188976936876476
6,41,Marin County,194,6041,2016,1,3.3,10204,261532,0.0390162580487283
6,43,Mariposa County,66,6043,2016,8,6.9,2125,17524,0.121262268888382
6,45,Mendocino County,207,6045,2016,4,5.3,13000,87609,0.148386581287311
6,47,Merced County,1167,6047,2016,2,10.6,58024,268878,0.215800474564672
6,49,Modoc County,12,6049,2016,6,7.8,954,8941,0.10669947433173
6,51,Mono County,55,6051,2016,7,5.4,845,14101,0.0599248280263811
6,53,Monterey County,972,6053,2016,2,7.7,49714,436363,0.113928082811787
6,55,Napa County,214,6055,2016,3,4.3,7273,141649,0.0513452265811972
6,57,Nevada County,389,6057,2016,4,4.8,7673,99053,0.0774635801035809
6,59,Orange County,9162,6059,2016,1,4,250302,3177703,0.0787682171681872
6,61,Placer County,4226,6061,2016,1,4.5,17901,379742,0.0471399002480632
6,63,Plumas County,94,6063,2016,7,9.7,1968,18787,0.104753286847288
6,65,Riverside County,11451,6065,2016,1,6.1,290531,2386522,0.121738245027701
6,67,Sacramento County,5490,6067,2016,1,5.4,214724,1513260,0.141894981695148
6,69,San Benito County,908,6069,2016,1,6.8,5897,59335,0.0993848487402039
6,71,San Bernardino County,5855,6071,2016,1,5.8,396950,2137131,0.185739666871146
6,73,San Diego County,5469,6073,2016,1,4.7,284616,3317200,0.0858000723501749
6,75,San Francisco County,382,6075,2016,1,3.3,49342,876103,0.056319861934042
6,77,San Joaquin County,3707,6077,2016,2,8.1,119882,734294,0.163261581873201
6,79,San Luis Obispo County,1187,6079,2016,2,4.3,18365,282282,0.0650590544207566
6,81,San Mateo County,889,6081,2016,1,3,30624,769561,0.0397941163858356
6,83,Santa Barbara County,974,6083,2016,2,5.1,35840,446296,0.0803054475056913
6,85,Santa Clara County,3576,6085,2016,1,3.8,107258,1931575,0.0555287783285661
6,87,Santa Cruz County,310,6087,2016,2,7,25656,275196,0.0932280992456286
6,89,Shasta County,716,6089,2016,3,7,24967,178774,0.139656773356305
6,91,Sierra County,16,6091,2016,8,7.6,314,2964,0.105937921727395
6,93,Siskiyou County,134,6093,2016,6,8.5,6906,43511,0.158718484980809
6,95,Solano County,1670,6095,2016,2,5.5,43352,440318,0.0984561158072121
6,97,Sonoma County,1309,6097,2016,2,4,35427,503833,0.0703149654746712
6,99,Stanislaus County,1102,6099,2016,2,8.6,91304,541353,0.168658897244497
6,101,Sutter County,85,6101,2016,3,9.8,13008,96058,0.135418184846655
6,103,Tehama County,160,6103,2016,4,7.1,10391,63444,0.163782233150495
6,105,Trinity County,54,6105,2016,8,7.1,1846,12839,0.143780668276346
6,107,Tulare County,2446,6107,2016,2,11.2,121567,460835,0.26379723762301
6,109,Tuolumne County,82,6109,2016,4,6.2,5526,53787,0.102738579954264
6,111,Ventura County,1279,6111,2016,2,5.2,73532,851096,0.0863968341996672
6,113,Yolo County,1197,6113,2016,1,5.9,19970,215959,0.0924712561180595
6,115,Yuba County,374,6115,2016,3,8.6,13428,75185,0.17859945467846
6,1,Alameda County,5518,6001,2017,1,3.6,117520,1663190,0.070659395499011
6,3,Alpine County,18,6003,2017,8,6.1,169,1120,0.150892857142857
6,5,Amador County,236,6005,2017,6,4.9,3405,38626,0.0881530575260188
6,7,Butte County,956,6007,2017,3,5.7,31763,229294,0.138525212173018
6,9,Calaveras County,280,6009,2017,6,4.7,5424,45670,0.118765053645719
6,11,Colusa County,34,6011,2017,6,14.3,1542,21805,0.0707177252923641
6,13,Contra Costa County,3406,6013,2017,1,3.8,70821,1147439,0.0617209280841945
6,15,Del Norte County,46,6015,2017,7,6.4,5147,27470,0.187368037859483
6,17,El Dorado County,1614,6017,2017,1,4.4,13084,188987,0.0692322752358628
6,19,Fresno County,3877,6019,2017,2,8.5,224880,989255,0.227322581134288
6,21,Glenn County,38,6021,2017,6,7.5,3594,28094,0.127927671388909
6,23,Humboldt County,331,6023,2017,5,4.2,20795,136754,0.152061365663893
6,25,Imperial County,366,6025,2017,3,19.1,42501,182830,0.232461849805831
6,27,Inyo County,22,6027,2017,7,4.4,2044,18026,0.113391767447021
6,29,Kern County,3673,6029,2017,2,9.2,157568,893119,0.176424418246617
6,31,Kings County,544,6031,2017,3,8.9,24508,150101,0.163276727003817
6,33,Lake County,308,6033,2017,4,5.7,11962,64246,0.186190579958285
6,35,Lassen County,23,6035,2017,7,5.6,3168,31163,0.101659018708083
6,37,Los Angeles County,12996,6037,2017,1,4.7,1154669,10163507,0.113609308283056
6,39,Madera County,830,6039,2017,3,8.1,29285,156890,0.186659442921792
6,41,Marin County,185,6041,2017,1,2.9,10204,260955,0.0391025272556571
6,43,Mariposa County,90,6043,2017,8,5.9,2125,17569,0.120951676247937
6,45,Mendocino County,146,6045,2017,4,4.5,13000,88018,0.147697061964598
6,47,Merced County,1016,6047,2017,2,9.3,58024,272673,0.212797013272308
6,49,Modoc County,10,6049,2017,6,8,954,8859,0.107687097866576
6,51,Mono County,55,6051,2017,7,4.4,845,14168,0.0596414455110107
6,53,Monterey County,1110,6053,2017,2,7.2,49714,437907,0.113526388023028
6,55,Napa County,216,6055,2017,3,3.7,7273,140973,0.0515914394955062
6,57,Nevada County,704,6057,2017,4,4.1,7673,99814,0.0768729837497746
6,59,Orange County,10277,6059,2017,1,3.5,250302,3190400,0.078454739217653
6,61,Placer County,5108,6061,2017,1,3.8,17901,386166,0.04635571231025
6,63,Plumas County,86,6063,2017,7,8.9,1968,18742,0.105004802048874
6,65,Riverside County,13172,6065,2017,1,5.2,290531,2423266,0.119892327132061
6,67,Sacramento County,6470,6067,2017,1,4.6,214724,1530615,0.140286094151697
6,69,San Benito County,1130,6069,2017,1,5.8,5897,60310,0.0977781462444039
6,71,San Bernardino County,8669,6071,2017,1,4.9,396950,2157404,0.18399428201672
6,73,San Diego County,8992,6073,2017,1,4,284616,3337685,0.0852734754777638
6,75,San Francisco County,220,6075,2017,1,2.9,49342,884363,0.0557938312661204
6,77,San Joaquin County,4322,6077,2017,2,7,119882,745424,0.160823906930821
6,79,San Luis Obispo County,1245,6079,2017,2,3.6,18365,283405,0.0648012561528555
6,81,San Mateo County,716,6081,2017,1,2.7,30624,771410,0.0396987334880284
6,83,Santa Barbara County,1586,6083,2017,2,4.5,35840,448150,0.0799732232511436
6,85,Santa Clara County,4403,6085,2017,1,3.2,107258,1938153,0.0553403162701809
6,87,Santa Cruz County,292,6087,2017,2,5.7,25656,275897,0.0929912249861361
6,89,Shasta County,764,6089,2017,3,5.8,24967,179921,0.138766458612391
6,91,Sierra County,14,6091,2017,8,6.5,314,2999,0.104701567189063
6,93,Siskiyou County,112,6093,2017,6,7.2,6906,43853,0.157480674070189
6,95,Solano County,1586,6095,2017,2,4.8,43352,445458,0.0973200615995223
6,97,Sonoma County,1699,6097,2017,2,3.4,35427,504217,0.0702614152240008
6,99,Stanislaus County,1251,6099,2017,2,7.5,91304,547899,0.16664385224284
6,101,Sutter County,90,6101,2017,3,8.6,13008,96648,0.134591507325553
6,103,Tehama County,216,6103,2017,4,6.4,10391,63926,0.162547320339142
6,105,Trinity County,104,6105,2017,8,6,1846,12709,0.145251396648045
6,107,Tulare County,2390,6107,2017,2,10.4,121567,464493,0.261719767574538
6,109,Tuolumne County,142,6109,2017,4,5.4,5526,54248,0.101865506562454
6,111,Ventura County,2236,6111,2017,2,4.5,73532,854223,0.0860805667840833
6,113,Yolo County,758,6113,2017,1,5,19970,219116,0.0911389401047847
6,115,Yuba County,450,6115,2017,3,7.4,13428,77031,0.174319429839935
