Year,County,CFIPS,total_expenditure,total_revenue,Ag_Market_Value,County_Rev_Per_Capita,County_Exp_Per_Capita,currentliabilities_general,totalliabilities_generallongterm,totalstate,totalfederal,interestonlongtermdebt_total
2010,Alameda,6001,2083268145,2049650443,57522000,1386.79173100,1409.53744000,,,,,
2011,Alameda,6001,2186575262,2201322275,57522000,1472.57851200,1462.71347100,,,,,
2012,Alameda,6001,2221267982,2317607829,57522000,1529.63683100,1466.05188000,58178078.00,1200000000.00,740000000.00,450000000.00,16000000.00
2013,Alameda,6001,2295382137,2366341383,57522000,1541.34145300,1495.12139900,57601825.00,1100000000.00,810000000.00,480000000.00,24000000.00
2014,Alameda,6001,2405508090,2448572609,57522000,1570.29439300,1542.67668100,76162101.00,1300000000.00,830000000.00,440000000.00,29000000.00
2015,Alameda,6001,2462509900,2459908014,57522000,1552.00908400,1553.65067000,66308959.00,1200000000.00,790000000.00,410000000.00,28000000.00
2016,Alameda,6001,2466628582,2638195535,57522000,1643.51332900,1536.63248100,98876150.00,1100000000.00,910000000.00,420000000.00,27000000.00
2017,Alameda,6001,2834852878,2949248612,57522000,1809.78244100,1739.58442800,,,,,
2010,Alpine,6003,14578603,17447487,265000,14836.29847000,12396.77126000,,,,,
2011,Alpine,6003,14988662,17643923,265000,15119.04284000,12843.75493000,,,,,
2012,Alpine,6003,18559365,17958213,265000,15002.68421000,15504.89975000,880924.00,723883.00,5700000.00,3900000.00,24994.00
2013,Alpine,6003,15857853,17486688,265000,15010.03262000,13611.89099000,1165552.00,1800000.00,6300000.00,1600000.00,69039.00
2014,Alpine,6003,18593470,16048039,265000,13351.11398000,15468.77704000,50008.00,1700000.00,6000000.00,2100000.00,47372.00
2015,Alpine,6003,14479421,16682857,265000,14750.53669000,12802.31742000,854048.00,1600000.00,6500000.00,1700000.00,44914.00
2016,Alpine,6003,14801625,17024071,265000,14378.43834000,12501.37247000,876815.00,9700000.00,6800000.00,1300000.00,42363.00
2017,Alpine,6003,16806357,18935581,265000,15740.30008000,13970.37157000,,,,,
2010,Amador,6005,61056979,58143071,31968000,1517.02640400,1593.05395700,,,,,
2011,Amador,6005,58227532,57227655,31968000,1496.38257000,1522.52724600,,,,,
2012,Amador,6005,59289357,57723779,31968000,1528.53985300,1569.99674300,1064082.00,10000000.00,22000000.00,5600000.00,310919.00
2013,Amador,6005,59949058,57628482,31968000,1539.96264200,1601.97365200,1058368.00,10000000.00,24000000.00,4900000.00,295217.00
2014,Amador,6005,62404951,63278973,31968000,1702.92454000,1679.40340200,612368.00,9500000.00,26000000.00,5800000.00,278917.00
2015,Amador,6005,65523618,69467537,31968000,1877.75475100,1771.14793900,626620.00,8900000.00,29000000.00,6700000.00,262018.00
2016,Amador,6005,67509530,67084790,31968000,1814.91735000,1826.40830000,586004.00,8200000.00,27000000.00,6200000.00,144462.00
2017,Amador,6005,75321932,73472682,31968000,1969.46019400,2019.02996800,,,,,
2010,Butte,6007,345569828,354192869,541274000,1620.01906800,1580.57871800,,,,,
2011,Butte,6007,344618539,349752594,541274000,1594.79362000,1571.38347700,,,,,
2012,Butte,6007,351797294,351293697,541274000,1596.05679700,1598.34482400,6071800.00,69000000.00,160000000.00,97000000.00,2000000.00
2013,Butte,6007,347665055,347423855,541274000,1575.31832900,1576.41199900,6464850.00,71000000.00,160000000.00,87000000.00,2000000.00
2014,Butte,6007,329455634,339367456,541274000,1531.59364200,1486.86076200,5164382.00,69000000.00,160000000.00,78000000.00,2000000.00
2015,Butte,6007,346021855,364962980,541274000,1639.81138000,1554.70720800,5916702.00,72000000.00,160000000.00,87000000.00,1900000.00
2016,Butte,6007,359472359,369579116,541274000,1650.81324100,1605.66900100,7686302.00,73000000.00,170000000.00,85000000.00,2100000.00
2017,Butte,6007,402575447,405180116,541274000,1799.14530200,1787.57963600,,,,,
2010,Calaveras,6009,70766481,71786719,26004000,1560.78442800,1538.60244800,,,,,
2011,Calaveras,6009,72979521,73727362,26004000,1609.97864300,1593.64809800,,,,,
2012,Calaveras,6009,83653260,86054083,26004000,1891.00760300,1838.25037900,61534.00,41000000.00,27000000.00,12000000.00,1700000.00
2013,Calaveras,6009,97959949,90279898,26004000,1999.68764300,2169.79974300,161286.00,41000000.00,43000000.00,11000000.00,1700000.00
2014,Calaveras,6009,83653600,77973970,26004000,1735.80218600,1862.23815100,496961.00,42000000.00,28000000.00,13000000.00,1800000.00
2015,Calaveras,6009,74242525,81676412,26004000,1824.47812000,1658.42082300,201.00,41000000.00,29000000.00,14000000.00,1800000.00
2016,Calaveras,6009,79017852,86883793,26004000,1939.93330700,1764.30330200,-6864.00,39000000.00,29000000.00,14000000.00,1800000.00
2017,Calaveras,6009,103545726,103847016,26004000,2304.79206300,2298.10520000,,,,,
2010,Colusa,6011,46636818,51041062,577313000,2411.57864400,2203.48773900,,,,,
2011,Colusa,6011,46753162,47582983,577313000,2234.25754800,2195.29332800,,,,,
2012,Colusa,6011,47080206,53067227,577313000,2488.03164700,2207.33302100,1378792.00,6200000.00,22000000.00,4100000.00,112739.00
2013,Colusa,6011,53867054,57956739,577313000,2712.56852000,2521.15763400,958424.00,5200000.00,28000000.00,4200000.00,212451.00
2014,Colusa,6011,56162747,56276403,577313000,2626.79252200,2621.48744400,898311.00,5000000.00,26000000.00,3600000.00,160171.00
2015,Colusa,6011,52097886,55828686,577313000,2609.30482300,2434.93578200,1589859.00,4100000.00,25000000.00,3800000.00,127764.00
2016,Colusa,6011,56754215,55837373,577313000,2613.98684500,2656.90815000,1950167.00,3500000.00,25000000.00,2800000.00,90367.00
2017,Colusa,6011,57662770,56417543,577313000,2626.63732000,2684.61148100,,,,,
2010,Contra Costa,6013,1805784477,1921410709,89358000,1874.89640400,1762.06930000,,,,,
2011,Contra Costa,6013,1937982203,2051483168,89358000,1976.72920000,1867.36409500,,,,,
2012,Contra Costa,6013,2016639285,2068070533,89358000,1965.75869000,1916.87185600,203764304.00,540000000.00,420000000.00,220000000.00,24000000.00
2013,Contra Costa,6013,2159734994,2221080341,89358000,2083.96776600,2026.40941300,152303334.00,480000000.00,490000000.00,210000000.00,26000000.00
2014,Contra Costa,6013,2260176890,2333410531,89358000,2158.10347000,2090.37180700,158658495.00,430000000.00,520000000.00,210000000.00,23000000.00
2015,Contra Costa,6013,2598449579,2711238104,89358000,2473.60392200,2370.70106900,168761549.00,420000000.00,530000000.00,230000000.00,21000000.00
2016,Contra Costa,6013,2670142484,2793581608,89358000,2521.45371600,2410.03902200,189301998.00,380000000.00,540000000.00,220000000.00,19000000.00
2017,Contra Costa,6013,2942527728,3072465406,89358000,2734.29346000,2618.65741600,,,,,
2010,Del Norte,6015,55408451,54213743,35651000,1904.17417700,1946.13645500,,,,,
2011,Del Norte,6015,53736105,58053949,35651000,2032.63012500,1881.45040400,,,,,
2012,Del Norte,6015,63595956,68063313,35651000,2388.52165200,2231.75028100,1336355.00,11000000.00,32000000.00,13000000.00,294300.00
2013,Del Norte,6015,66313113,72932282,35651000,2571.93222100,2338.50946900,1312626.00,11000000.00,31000000.00,19000000.00,284040.00
2014,Del Norte,6015,62894734,68122777,35651000,2427.23498200,2240.95824100,864614.00,10000000.00,31000000.00,13000000.00,273510.00
2015,Del Norte,6015,69830915,68798879,35651000,2475.84853200,2512.98816000,1962008.00,5200000.00,30000000.00,13000000.00,0.00
2016,Del Norte,6015,70442451,71405306,35651000,2584.52678400,2549.67608900,3040775.00,5200000.00,33000000.00,15000000.00,0.00
2017,Del Norte,6015,71648370,68538964,35651000,2497.59361600,2610.90190200,,,,,
2010,El Dorado,6017,268680830,267749585,30507000,1495.36497600,1500.56592200,,,,,
2011,El Dorado,6017,267356271,270739898,30507000,1505.13068900,1486.32001100,,,,,
2012,El Dorado,6017,260871342,271854189,30507000,1506.60985600,1445.74316300,7962890.00,26000000.00,89000000.00,47000000.00,
2013,El Dorado,6017,270617935,284773753,30507000,1573.49213200,1495.27541400,7917401.00,28000000.00,91000000.00,50000000.00,
2014,El Dorado,6017,276833206,293637831,30507000,1618.15132900,1525.54600600,10034149.00,37000000.00,87000000.00,43000000.00,
2015,El Dorado,6017,304980251,291471085,30507000,1600.67155200,1674.85983000,10614137.00,36000000.00,89000000.00,52000000.00,74322.00
2016,El Dorado,6017,312825778,310061101,30507000,1694.32295600,1709.43048100,11618660.00,38000000.00,86000000.00,63000000.00,
2017,El Dorado,6017,312951842,320597586,30507000,1732.81942500,1691.49443000,,,,,
2010,Fresno,6019,1195960511,1191819738,4973041000,1311.37807700,1315.93423500,,,,,
2011,Fresno,6019,1221747562,1227947061,4973041000,1333.82183700,1327.08781100,,,,,
2012,Fresno,6019,1174535564,1203004648,4973041000,1292.83468000,1262.23977000,138142658.00,580000000.00,510000000.00,320000000.00,20000000.00
2013,Fresno,6019,1224642063,1268655618,4973041000,1350.20100800,1303.35839300,125606689.00,550000000.00,560000000.00,300000000.00,19000000.00
2014,Fresno,6019,1243526163,1318767726,4973041000,1389.86780300,1310.56966500,164192452.00,520000000.00,640000000.00,290000000.00,18000000.00
2015,Fresno,6019,1310995778,1376617063,4973041000,1438.84870800,1370.26093400,150899833.00,490000000.00,670000000.00,310000000.00,17000000.00
2016,Fresno,6019,1385152576,1488440576,4973041000,1545.37208400,1438.13341100,70985000.00,1600000000.00,530000000.00,320000000.00,18000000.00
2017,Fresno,6019,1649858000,1683934000,4973041000,1733.12707900,1698.05561000,,,,,
2010,Glenn,6021,68744257,64516031,637363000,2309.50531600,2460.86475700,,,,,
2011,Glenn,6021,66014786,62864289,637363000,2242.99029500,2355.39965000,,,,,
2012,Glenn,6021,65960412,68505603,637363000,2439.83200400,2349.18484200,4063314.00,6000000.00,29000000.00,17000000.00,127826.00
2013,Glenn,6021,68064510,68574194,637363000,2444.36422600,2426.19626400,4128277.00,5500000.00,28000000.00,19000000.00,123382.00
2014,Glenn,6021,64345624,67887528,637363000,2422.91045400,2296.49966100,2344454.00,5400000.00,28000000.00,18000000.00,114654.00
2015,Glenn,6021,60659342,61548445,637363000,2195.88444100,2164.16361600,2918398.00,64000000.00,29000000.00,11000000.00,110453.00
2016,Glenn,6021,62882626,63101355,637363000,2255.55315300,2247.73470100,6790286.00,71000000.00,29000000.00,12000000.00,108691.00
2017,Glenn,6021,72240174,74713016,637363000,2674.53073200,2586.00945100,,,,,
2010,Humboldt,6023,233685993,238661827,203260000,1793.66762600,1756.27164800,,,,,
2011,Humboldt,6023,232619292,244274587,203260000,1828.60790500,1741.35787700,,,,,
2012,Humboldt,6023,239716576,242001920,203260000,1801.72219500,1784.70763900,13006685.00,33000000.00,97000000.00,70000000.00,643900.00
2013,Humboldt,6023,239056571,237749673,203260000,1766.17171400,1775.88027200,12667879.00,34000000.00,100000000.00,54000000.00,470598.00
2014,Humboldt,6023,258159217,255394014,203260000,1893.54676900,1914.04858500,16322969.00,33000000.00,110000000.00,59000000.00,515817.00
2015,Humboldt,6023,261055439,263699647,203260000,1952.83889200,1933.25709800,13864154.00,31000000.00,120000000.00,64000000.00,469453.00
2016,Humboldt,6023,280156807,278719066,203260000,2061.80605400,2072.44164900,20546498.00,29000000.00,120000000.00,65000000.00,418615.00
2017,Humboldt,6023,328233619,307219596,203260000,2267.47063300,2422.56711900,,,,,
2010,Imperial,6025,261770616,260545518,1888639000,1550.38629700,1557.67629100,,,,,
2011,Imperial,6025,274556866,278154248,1888639000,1623.37678200,1602.38157400,,,,,
2012,Imperial,6025,280430365,275783676,1888639000,1589.65038300,1616.43445900,14353116.00,77000000.00,140000000.00,53000000.00,3900000.00
2013,Imperial,6025,283034960,272993302,1888639000,1558.17205400,1615.48712600,14707415.00,72000000.00,140000000.00,52000000.00,4100000.00
2014,Imperial,6025,289705311,289567151,1888639000,1635.73232700,1636.51277800,18609478.00,70000000.00,140000000.00,53000000.00,3400000.00
2015,Imperial,6025,326775920,313139834,1888639000,1757.17896100,1833.69763100,19220956.00,67000000.00,170000000.00,50000000.00,3200000.00
2016,Imperial,6025,313348529,312534987,1888639000,1747.89011100,1752.43994400,16931304.00,64000000.00,180000000.00,49000000.00,3000000.00
2017,Imperial,6025,439403052,438301291,1888639000,2435.58900700,2441.71136400,,,,,
2010,Inyo,6027,61731395,64079221,19613000,3476.14305100,3348.77915800,,,,,
2011,Inyo,6027,64907072,66489222,19613000,3602.38511100,3516.66424700,,,,,
2012,Inyo,6027,63172834,66330102,19613000,3590.45696700,3419.55364300,7897195.00,1700000.00,22000000.00,7200000.00,
2013,Inyo,6027,68004848,66259711,19613000,3585.09420000,3679.51780100,10355323.00,1600000.00,20000000.00,8700000.00,
2014,Inyo,6027,67407283,68985619,19613000,3741.28851900,3655.69081800,13624461.00,7300000.00,21000000.00,8700000.00,0.00
2015,Inyo,6027,62986131,68983106,19613000,3754.59130200,3428.18978900,15582063.00,7000000.00,21000000.00,7800000.00,255267.00
2016,Inyo,6027,67720679,70957422,19613000,3871.95361800,3695.33335200,17318707.00,6900000.00,20000000.00,7900000.00,241334.00
2017,Inyo,6027,74000296,75895392,19613000,4171.22242400,4067.06765600,,,,,
2010,Kern,6029,1533701063,1547591491,3998990000,1897.27200200,1880.24301200,,,,,
2011,Kern,6029,1555380622,1592131106,3998990000,1919.95589500,1875.63837100,,,,,
2012,Kern,6029,1552674370,1617401714,3998990000,1927.42171500,1850.28757600,21698093.00,520000000.00,430000000.00,280000000.00,20000000.00
2013,Kern,6029,1601784836,1677222851,3998990000,1977.38144500,1888.44291700,25536469.00,490000000.00,480000000.00,250000000.00,18000000.00
2014,Kern,6029,1720884350,1698256686,3998990000,1979.94320600,2006.32407600,27076886.00,450000000.00,540000000.00,230000000.00,16000000.00
2015,Kern,6029,1676595034,1799121449,3998990000,2078.14096800,1936.61235500,34730095.00,410000000.00,570000000.00,220000000.00,15000000.00
2016,Kern,6029,1774234626,1832093877,3998990000,2102.62375800,2036.22091800,45893269.00,380000000.00,580000000.00,240000000.00,34000000.00
2017,Kern,6029,1798910958,1834349504,3998990000,2087.46745800,2047.13882300,,,,,
2010,Kings,6031,184865685,177480965,1829236000,1174.42175900,1223.28770800,,,,,
2011,Kings,6031,186724804,187633021,1829236000,1231.71313900,1225.75116700,,,,,
2012,Kings,6031,180967549,186635959,1829236000,1228.01357400,1190.71698600,4625723.00,22000000.00,82000000.00,34000000.00,804093.00
2013,Kings,6031,189311156,185983985,1829236000,1225.14251700,1247.05977400,3240449.00,26000000.00,76000000.00,42000000.00,840410.00
2014,Kings,6031,198913637,195827629,1829236000,1293.53080800,1313.91529800,6507564.00,25000000.00,88000000.00,40000000.00,905512.00
2015,Kings,6031,224669014,219369648,1829236000,1452.79836800,1487.89397200,4131952.00,30000000.00,110000000.00,44000000.00,1100000.00
2016,Kings,6031,243599118,239998723,1829236000,1597.21233700,1621.17327800,5533844.00,28000000.00,110000000.00,48000000.00,942295.00
2017,Kings,6031,285032685,268613402,1829236000,1788.57395300,1897.90245900,,,,,
2010,Lake,6033,118868288,114186065,99463000,1773.87433800,1846.61241900,,,,,
2011,Lake,6033,115093688,124029511,99463000,1926.16335900,1787.39110400,,,,,
2012,Lake,6033,113540568,115415359,99463000,1793.27779700,1764.14804200,,8200000.00,48000000.00,20000000.00,
2013,Lake,6033,111995868,113536967,99463000,1766.83733300,1742.85508900,,8200000.00,50000000.00,18000000.00,
2014,Lake,6033,123347399,122092336,99463000,1901.48321900,1921.02974700,6164051.00,8500000.00,56000000.00,18000000.00,0.00
2015,Lake,6033,117225303,124266357,99463000,1936.88015500,1827.13462100,5571833.00,8500000.00,59000000.00,20000000.00,
2016,Lake,6033,137893191,149993687,99463000,2340.87157400,2152.02557900,6432853.00,14000000.00,60000000.00,27000000.00,
2017,Lake,6033,135403377,141621306,99463000,2209.55310100,2112.54196100,,,,,
2010,Lassen,6035,57188664,58964248,72671000,1680.80294200,1630.18910500,,,,,
2011,Lassen,6035,56644193,58624293,72671000,1674.93194500,1618.35927500,,,,,
2012,Lassen,6035,59620389,54523124,72671000,1574.53863900,1721.73931500,1723254.00,1100000.00,28000000.00,8200000.00,
2013,Lassen,6035,54414928,53922286,72671000,1585.11041200,1599.59221600,1964563.00,1100000.00,27000000.00,7300000.00,0.00
2014,Lassen,6035,56042602,58101710,72671000,1741.86683100,1680.13556800,2266739.00,1100000.00,28000000.00,9200000.00,
2015,Lassen,6035,55052791,61709330,72671000,1890.31490300,1686.40805600,1883310.00,5200000.00,29000000.00,9400000.00,
2016,Lassen,6035,64970857,63591051,72671000,1990.64175900,2033.83493500,256468.00,5100000.00,31000000.00,13000000.00,163200.00
2017,Lassen,6035,64362436,64789003,72671000,2058.75446500,2045.19974600,,,,,
2010,Los Angeles,6037,16862384547,16935092623,193097000,1735.46304000,1728.01211100,,,,,
2011,Los Angeles,6037,17290917622,17443393072,193097000,1782.16632200,1766.58812500,,,,,
2012,Los Angeles,6037,17483298232,17396447967,193097000,1767.92739200,1776.75361700,1404932420.00,2400000000.00,5100000000.00,3100000000.00,79000000.00
2013,Los Angeles,6037,18257123616,18594909311,193097000,1879.51129700,1845.36904800,1494124743.00,2400000000.00,5600000000.00,3200000000.00,76000000.00
2014,Los Angeles,6037,19094669651,19367532018,193097000,1941.76236600,1914.40555700,1730310309.00,2500000000.00,5800000000.00,3300000000.00,66000000.00
2015,Los Angeles,6037,19690149858,20236668800,193097000,2015.92813500,1961.48523600,2010159468.00,2500000000.00,6100000000.00,3400000000.00,68000000.00
2016,Los Angeles,6037,20242539438,20636464907,193097000,2051.91874900,2012.75007100,2044680580.00,2500000000.00,6100000000.00,3500000000.00,76000000.00
2017,Los Angeles,6037,23013232081,23422437171,193097000,2317.74010500,2277.24769000,,,,,
2010,Madera,6039,180527354,168679487,1602766000,1141.74746500,1221.94258800,,,,,
2011,Madera,6039,178214387,192235596,1602766000,1284.90282100,1191.18505300,,,,,
2012,Madera,6039,184283427,198807815,1602766000,1319.97354200,1223.53966700,4584192.00,31000000.00,82000000.00,41000000.00,790185.00
2013,Madera,6039,191015636,186381002,1602766000,1230.76568800,1261.37046300,5597080.00,30000000.00,72000000.00,37000000.00,747013.00
2014,Madera,6039,190582221,183041936,1602766000,1200.65290100,1250.11296000,12736999.00,30000000.00,69000000.00,37000000.00,704618.00
2015,Madera,6039,201400987,206640230,1602766000,1348.94103300,1314.73941700,14224183.00,29000000.00,82000000.00,38000000.00,658550.00
2016,Madera,6039,213065514,216823054,1602766000,1413.76220300,1389.26172700,13885943.00,290000000.00,83000000.00,38000000.00,678555.00
2017,Madera,6039,241879499,244396339,1602766000,1582.46787700,1566.17132200,,,,,
2010,Marin,6041,416192399,442460293,91809000,1779.80093800,1674.13807300,,,,,
2011,Marin,6041,432353051,539104138,91809000,2150.68712200,1724.81729100,,,,,
2012,Marin,6041,435482895,479488785,91809000,1897.01963100,1722.91746300,16333342.00,200000000.00,130000000.00,54000000.00,8700000.00
2013,Marin,6041,409262889,467415124,91809000,1835.57028500,1607.20259000,17923385.00,200000000.00,130000000.00,45000000.00,9000000.00
2014,Marin,6041,494031653,474533587,91809000,1847.85783200,1923.78428900,20013658.00,190000000.00,130000000.00,42000000.00,8500000.00
2015,Marin,6041,482374991,503651068,91809000,1949.49881000,1867.14479600,19448145.00,240000000.00,140000000.00,43000000.00,10000000.00
2016,Marin,6041,563971097,585393034,91809000,2257.08493300,2174.48891900,18936042.00,260000000.00,160000000.00,55000000.00,17000000.00
2017,Marin,6041,495883135,554795904,91809000,2127.17071900,1901.29032600,,,,,
2010,Mariposa,6043,57650698,55498159,22321000,3034.34439600,3152.03378900,,,,,
2011,Mariposa,6043,56608234,54981137,22321000,3006.07638100,3095.03739700,,,,,
2012,Mariposa,6043,55986576,56691069,22321000,3116.09239800,3077.36909800,2690713.00,3000000.00,21000000.00,7800000.00,59550.00
2013,Mariposa,6043,56464078,55737470,22321000,3086.06777000,3126.29854400,2698056.00,2800000.00,22000000.00,5900000.00,51550.00
2014,Mariposa,6043,59047584,57679389,22321000,3214.05265800,3290.29221000,3067474.00,2700000.00,21000000.00,7100000.00,35665.00
2015,Mariposa,6043,59030595,60063662,22321000,3376.44960400,3318.37624400,3243784.00,2600000.00,22000000.00,7500000.00,14912.00
2016,Mariposa,6043,61480903,66657856,22321000,3777.71924100,3484.32434100,3367289.00,2500000.00,23000000.00,11000000.00,11053.00
2017,Mariposa,6043,71140607,71395521,22321000,4043.23938200,4028.80320500,,,,,
2010,Mendocino,6045,195011288,188035333,148897000,2149.29455800,2229.03160500,,,,,
2011,Mendocino,6045,179357256,190611951,148897000,2177.80006900,2049.21172200,,,,,
2012,Mendocino,6045,169368371,172417372,148897000,1968.75175000,1933.93666100,5696697.00,120000000.00,65000000.00,31000000.00,5200000.00
2013,Mendocino,6045,171453568,183588351,148897000,2098.22452200,1959.53653300,5872322.00,120000000.00,73000000.00,34000000.00,5300000.00
2014,Mendocino,6045,177230411,186975941,148897000,2134.13620300,2022.90109800,6813823.00,120000000.00,77000000.00,33000000.00,5000000.00
2015,Mendocino,6045,192219913,198654917,148897000,2269.20082500,2195.69488500,8763004.00,120000000.00,86000000.00,33000000.00,4800000.00
2016,Mendocino,6045,201358450,206272668,148897000,2359.85617000,2303.63520900,7526162.00,110000000.00,84000000.00,38000000.00,4500000.00
2017,Mendocino,6045,225523141,235560312,148897000,2692.21015600,2577.49569700,,,,,
2010,Merced,6047,383996571,371262755,2967523000,1480.91039500,1531.70364100,,,,,
2011,Merced,6047,385200770,373945461,2967523000,1474.51346200,1518.89454500,,,,,
2012,Merced,6047,371059926,361923609,2967523000,1411.56954800,1447.20288800,11553301.00,76000000.00,130000000.00,100000000.00,3600000.00
2013,Merced,6047,373693857,364448085,2967523000,1408.72912200,1444.46751300,10611401.00,69000000.00,130000000.00,100000000.00,3200000.00
2014,Merced,6047,393380153,405719802,2967523000,1550.86331900,1503.69503000,12564133.00,59000000.00,160000000.00,110000000.00,2600000.00
2015,Merced,6047,412036519,413448831,2967523000,1566.77655400,1561.42455600,13529857.00,51000000.00,180000000.00,94000000.00,2100000.00
2016,Merced,6047,424732164,439271510,2967523000,1657.62208400,1602.75683500,19162516.00,40000000.00,190000000.00,110000000.00,1600000.00
2017,Merced,6047,515368644,520964183,2967523000,1948.33083900,1927.40433100,,,,,
2010,Modoc,6049,43003201,45140542,106606000,4699.69203500,4477.16824600,,,,,
2011,Modoc,6049,37865746,40805130,106606000,4256.29811200,3949.69709000,,,,,
2012,Modoc,6049,29831096,30134520,106606000,3157.10005200,3125.31126200,690398.00,0.00,15000000.00,6500000.00,
2013,Modoc,6049,27623442,28451670,106606000,3005.03485400,2917.55830200,725443.00,0.00,12000000.00,8600000.00,
2014,Modoc,6049,25088152,26943389,106606000,2886.27627200,2687.53636900,1531949.00,0.00,13000000.00,5200000.00,
2015,Modoc,6049,27707963,30609001,106606000,3332.86160700,3016.98203400,1406821.00,0.00,16000000.00,6600000.00,
2016,Modoc,6049,28443086,31283043,106606000,3463.19528400,3148.79729900,809541.00,0.00,14000000.00,8800000.00,
2017,Modoc,6049,31828795,30863325,106606000,3422.79305800,3529.86525500,,,,,
2010,Mono,6051,58926582,54458086,17976000,3916.43912300,4237.79805800,,,,,
2011,Mono,6051,60068773,55205512,17976000,3938.74942900,4285.72866700,,,,,
2012,Mono,6051,56215388,50068268,17976000,3530.65848700,3964.13426400,2825017.00,7700000.00,14000000.00,4000000.00,505792.00
2013,Mono,6051,54352990,51833685,17976000,3645.89470400,3823.09840300,5320665.00,7300000.00,15000000.00,5000000.00,182922.00
2014,Mono,6051,51026795,53253721,17976000,3752.11167500,3595.20855400,5483464.00,6500000.00,17000000.00,4700000.00,161658.00
2015,Mono,6051,49992964,52282402,17976000,3695.91418100,3534.07069100,4382093.00,6300000.00,16000000.00,4400000.00,138460.00
2016,Mono,6051,51097061,59722817,17976000,4250.43178400,3636.54266600,5229014.00,5600000.00,20000000.00,5300000.00,113220.00
2017,Mono,6051,53725144,58065258,17976000,4130.40674300,3821.67762100,,,,,
2010,Monterey,6053,778942895,754029279,2979735000,1850.67379800,1911.82126000,,,,,
2011,Monterey,6053,757734799,788766228,2979735000,1917.34318900,1841.91158900,,,,,
2012,Monterey,6053,761268611,776890434,2979735000,1866.63215000,1829.09764600,34310630.00,210000000.00,200000000.00,140000000.00,5400000.00
2013,Monterey,6053,766589843,802605729,2979735000,1908.38062000,1822.74452700,63198645.00,210000000.00,220000000.00,130000000.00,5600000.00
2014,Monterey,6053,794065935,816486584,2979735000,1921.47494500,1868.71141400,65791180.00,220000000.00,210000000.00,130000000.00,5400000.00
2015,Monterey,6053,866867541,889396769,2979735000,2075.89089000,2023.30668900,59651113.00,220000000.00,240000000.00,140000000.00,5200000.00
2016,Monterey,6053,935562384,1015238741,2979735000,2359.91720400,2174.70992400,71544455.00,260000000.00,240000000.00,150000000.00,5100000.00
2017,Monterey,6053,1055209960,1085600914,2979735000,2506.18908600,2436.02934700,,,,,
2010,Napa,6055,228294070,241999025,536147000,1805.27579100,1703.03891800,,,,,
2011,Napa,6055,244379746,264799701,536147000,1956.01690800,1805.17921100,,,,,
2012,Napa,6055,249503537,251559558,536147000,1840.98502700,1825.93847500,10388617.00,35000000.00,91000000.00,13000000.00,263278.00
2013,Napa,6055,269215022,280823358,536147000,2037.35831500,1953.14046300,7310914.00,34000000.00,100000000.00,18000000.00,1200000.00
2014,Napa,6055,307777489,307365157,536147000,2207.24262300,2210.20365100,8407936.00,43000000.00,100000000.00,18000000.00,1200000.00
2015,Napa,6055,295100960,323583057,536147000,2306.44753600,2103.43176900,13349809.00,40000000.00,100000000.00,25000000.00,1600000.00
2016,Napa,6055,325940289,330137626,536147000,2344.34450300,2314.53874000,17327685.00,37000000.00,100000000.00,29000000.00,1400000.00
2017,Napa,6055,365243179,370217770,536147000,2625.56483800,2590.28530200,,,,,
2010,Nevada,6057,143845893,149046420,9094000,1518.00073300,1465.03465900,,,,,
2011,Nevada,6057,144893147,148517418,9094000,1509.44607300,1472.61105600,,,,,
2012,Nevada,6057,143152631,141546524,9094000,1436.71424400,1453.01642300,4517463.00,21000000.00,49000000.00,24000000.00,744187.00
2013,Nevada,6057,134354023,137555506,9094000,1396.37501100,1363.87561500,3817977.00,23000000.00,49000000.00,21000000.00,534195.00
2014,Nevada,6057,132487296,141331655,9094000,1433.29670600,1343.60278300,3745833.00,23000000.00,53000000.00,25000000.00,594021.00
2015,Nevada,6057,135312679,142883250,9094000,1449.56122600,1372.75721800,3582545.00,21000000.00,53000000.00,23000000.00,543919.00
2016,Nevada,6057,146953147,147735751,9094000,1497.74177600,1489.80775400,4545733.00,20000000.00,55000000.00,23000000.00,498945.00
2017,Nevada,6057,168951476,163862949,9094000,1657.89422100,1709.37772900,,,,,
2010,Orange,6059,3007166924,3087830305,158513000,1041.24237900,1014.04200700,,,,,
2011,Orange,6059,3083894766,3144642955,158513000,1051.73834300,1031.42087000,,,,,
2012,Orange,6059,3216502837,3265911821,158513000,1080.76927300,1064.41864500,554547112.00,660000000.00,1100000000.00,570000000.00,37000000.00
2013,Orange,6059,3325199979,3524255671,158513000,1154.82310800,1089.59682100,684259387.00,620000000.00,1200000000.00,650000000.00,42000000.00
2014,Orange,6059,3444934619,3647101056,158513000,1181.69472300,1116.19091400,791327697.00,530000000.00,1300000000.00,600000000.00,31000000.00
2015,Orange,6059,3429426065,3724987048,158513000,1195.41224800,1100.56165800,775672029.00,440000000.00,1400000000.00,560000000.00,27000000.00
2016,Orange,6059,3614276100,3793514681,158513000,1211.12999100,1153.90569200,766424700.00,4500000000.00,1400000000.00,550000000.00,34000000.00
2017,Orange,6059,4233510558,4412670251,158513000,1398.26601100,1341.49473800,,,,,
2010,Placer,6061,512384751,468596632,43437000,1392.65576000,1522.79279400,,,,,
2011,Placer,6061,537970091,486765553,43437000,1416.85310900,1565.89674700,,,,,
2012,Placer,6061,495654443,492184922,43437000,1405.94537700,1415.85619900,31343405.00,64000000.00,150000000.00,93000000.00,2000000.00
2013,Placer,6061,501891180,496785824,43437000,1395.76377000,1410.10772000,35548495.00,62000000.00,150000000.00,87000000.00,1900000.00
2014,Placer,6061,546793297,561033320,43437000,1551.88211900,1512.49259200,37902034.00,57000000.00,160000000.00,87000000.00,1200000.00
2015,Placer,6061,578198171,547404953,43437000,1494.49861600,1578.56877500,30592174.00,55000000.00,160000000.00,80000000.00,1600000.00
2016,Placer,6061,574153000,562674677,43437000,1518.39911100,1549.37380400,28781535.00,370000000.00,160000000.00,77000000.00,1500000.00
2017,Placer,6061,678378863,658575612,43437000,1756.27188300,1809.08266500,,,,,
2010,Plumas,6063,52069533,54068900,22617000,2651.47606900,2553.42943300,,,,,
2011,Plumas,6063,50833158,51107272,22617000,2531.06537200,2517.48999600,,,,,
2012,Plumas,6063,50644408,52668732,22617000,2643.21650100,2541.62441000,1417639.00,19000000.00,23000000.00,7600000.00,791896.00
2013,Plumas,6063,46266389,50944994,22617000,2601.09231100,2362.21734900,1299248.00,18000000.00,23000000.00,6500000.00,769886.00
2014,Plumas,6063,48249746,52254253,22617000,2709.43964500,2501.80161800,1492391.00,17000000.00,24000000.00,6900000.00,751525.00
2015,Plumas,6063,52098609,53440915,22617000,2817.72197600,2746.94764300,1651661.00,18000000.00,22000000.00,6900000.00,962449.00
2016,Plumas,6063,58364016,57739496,22617000,3078.78298000,3112.08360900,1519360.00,17000000.00,25000000.00,9000000.00,530683.00
2017,Plumas,6063,61076248,56460600,22617000,3015.41337300,3261.92309300,,,,,
2010,Riverside,6065,3232475481,3016792093,1038949000,1430.12257800,1532.36816600,,,,,
2011,Riverside,6065,3103508291,3040962693,1038949000,1411.22173700,1440.24731800,,,,,
2012,Riverside,6065,3089526728,3001667067,1038949000,1368.76046700,1408.82448100,182681372.00,1000000000.00,790000000.00,590000000.00,40000000.00
2013,Riverside,6065,3216241149,3158800159,1038949000,1417.43795000,1443.21325500,117354627.00,1100000000.00,860000000.00,570000000.00,41000000.00
2014,Riverside,6065,3428441205,3284411738,1038949000,1448.85667100,1512.39257000,170166668.00,1100000000.00,980000000.00,550000000.00,36000000.00
2015,Riverside,6065,3603227285,3686292169,1038949000,1604.10828400,1567.96218900,148628606.00,1300000000.00,1100000000.00,640000000.00,39000000.00
2016,Riverside,6065,3816617187,3858788311,1038949000,1660.48521700,1642.33845100,182424207.00,1300000000.00,1100000000.00,690000000.00,50000000.00
2017,Riverside,6065,4517309223,4343263894,1038949000,1844.27184900,1918.17638500,,,,,
2010,Sacramento,6067,2370413029,2408744247,326588000,1726.52016400,1699.04542400,,,,,
2011,Sacramento,6067,2401936692,2351892705,326588000,1669.80908900,1705.33958000,,,,,
2012,Sacramento,6067,2363305895,2337262306,326588000,1643.24223500,1661.55251400,168878600.00,1400000000.00,750000000.00,530000000.00,100000000.00
2013,Sacramento,6067,2487137490,2541160948,326588000,1770.58845700,1732.94687800,200048954.00,1300000000.00,850000000.00,560000000.00,98000000.00
2014,Sacramento,6067,2575821280,2563130641,326588000,1767.33868200,1776.08917500,153334302.00,1300000000.00,870000000.00,550000000.00,110000000.00
2015,Sacramento,6067,2678172643,2627507359,326588000,1792.50238700,1827.06656900,170511439.00,1300000000.00,960000000.00,500000000.00,120000000.00
2016,Sacramento,6067,2817336666,2851784075,326588000,1927.79292600,1904.50663600,249142719.00,1300000000.00,930000000.00,570000000.00,120000000.00
2017,Sacramento,6067,3279358000,3355290000,326588000,2243.74080500,2192.96375600,,,,,
2010,San Benito,6069,78449387,69841563,164032000,1281.68470600,1439.64961800,,,,,
2011,San Benito,6069,77729512,82965152,164032000,1511.94853600,1416.53476200,,,,,
2012,San Benito,6069,72213035,69649394,164032000,1255.69066300,1301.90987400,2581466.00,3400000.00,27000000.00,13000000.00,5060.00
2013,San Benito,6069,66663570,66238193,164032000,1180.40083800,1187.98128800,2726238.00,3100000.00,27000000.00,12000000.00,0.00
2014,San Benito,6069,68288887,64489533,164032000,1133.62278500,1200.40934800,2825835.00,2900000.00,28000000.00,11000000.00,
2015,San Benito,6069,68322799,73258769,164032000,1272.80381200,1187.04586800,3552351.00,3100000.00,31000000.00,13000000.00,
2016,San Benito,6069,72817483,78131810,164032000,1345.91669400,1254.37086400,7212554.00,3100000.00,33000000.00,12000000.00,
2017,San Benito,6069,74142895,79747356,164032000,1359.22953400,1263.70600500,,,,,
2010,San Bernardino,6071,2864224734,2907172535,582229000,1449.75384300,1428.33655900,,,,,
2011,San Bernardino,6071,3011873556,3029008350,582229000,1496.95092800,1488.48282800,,,,,
2012,San Bernardino,6071,3000553196,3074142479,582229000,1506.17285600,1470.11786500,188232012.00,830000000.00,1000000000.00,610000000.00,20000000.00
2013,San Bernardino,6071,3138089371,3300520586,582229000,1604.59746100,1525.62909600,256409830.00,780000000.00,1100000000.00,520000000.00,41000000.00
2014,San Bernardino,6071,3362581745,3517791026,582229000,1692.39619000,1617.72558100,298436981.00,740000000.00,1200000000.00,540000000.00,44000000.00
2015,San Bernardino,6071,3338298576,3639592464,582229000,1737.46721700,1593.63565900,261333352.00,1800000000.00,1300000000.00,560000000.00,43000000.00
2016,San Bernardino,6071,3298516824,3639228514,582229000,1727.41027900,1565.68675000,239843622.00,1900000000.00,1300000000.00,630000000.00,44000000.00
2017,San Bernardino,6071,3881301360,4141319948,582229000,1952.32929500,1829.74955900,,,,,
2010,San Diego,6073,3493697627,3578464437,725996000,1183.95444900,1155.90888900,,,,,
2011,San Diego,6073,3477860152,3585198343,725996000,1171.30846500,1136.24035400,,,,,
2012,San Diego,6073,3596335746,3636755644,725996000,1172.95779500,1159.92122100,343802127.00,1300000000.00,1300000000.00,850000000.00,67000000.00
2013,San Diego,6073,3692791845,3726020023,725996000,1187.28661300,1176.69854000,313830074.00,1300000000.00,1400000000.00,820000000.00,67000000.00
2014,San Diego,6073,3879085789,4051682174,725996000,1272.85584500,1218.63384400,353609289.00,1200000000.00,1500000000.00,810000000.00,67000000.00
2015,San Diego,6073,3834554090,3961432413,725996000,1229.07676700,1189.71141100,381854801.00,1300000000.00,1500000000.00,790000000.00,61000000.00
2016,San Diego,6073,3935577424,4055061156,725996000,1246.42404800,1209.69774700,417309782.00,1100000000.00,1500000000.00,840000000.00,65000000.00
2017,San Diego,6073,4272127705,4389789349,725996000,1336.85663700,1301.02422300,,,,,
2010,San Francisco,6075,,,164032000,,,,,,,
2011,San Francisco,6075,,,164032000,,,,,,,
2012,San Francisco,6075,8930000000,9400000000,164032000,11637.19197000,11055.33237000,,,,,
2013,San Francisco,6075,10050000000,9640000000,164032000,11792.03451000,12293.56294000,,,,,
2014,San Francisco,6075,,,164032000,,,,,,,
2015,San Francisco,6075,1140000000,10150000000,164032000,12072.36760000,1355.91123800,,,,,
2016,San Francisco,6075,,,164032000,,,,,,,
2017,San Francisco,6075,,,164032000,,,,,,,
2010,San Joaquin,6077,1054635741,1019891185,2250158000,1514.06101900,1565.64042100,,,,,
2011,San Joaquin,6077,1038260985,1056606033,2250158000,1553.19970100,1526.23267400,,,,,
2012,San Joaquin,6077,1044097535,1029602233,2250158000,1498.61467700,1519.71299200,16123.00,120000000.00,280000000.00,220000000.00,6000000.00
2013,San Joaquin,6077,1062426193,1050538180,2250158000,1515.54102300,1532.69106300,2478.00,120000000.00,290000000.00,220000000.00,5800000.00
2014,San Joaquin,6077,1096954694,1105782835,2250158000,1577.32377900,1564.73103800,-44382.00,120000000.00,300000000.00,220000000.00,5700000.00
2015,San Joaquin,6077,1147279114,1233198136,2250158000,1740.44340400,1619.18373800,-21064.00,120000000.00,360000000.00,170000000.00,5500000.00
2016,San Joaquin,6077,1189231523,1230007396,2250158000,1720.62697000,1663.58660900,-44508.00,110000000.00,370000000.00,140000000.00,5400000.00
2017,San Joaquin,6077,1403892107,1439251199,2250158000,1987.49601100,1938.66780500,,,,,
2010,San Luis Obispo,6079,426115728,414641961,664984000,1561.28716300,1604.49032900,,,,,
2011,San Luis Obispo,6079,401935190,412836448,664984000,1541.17634200,1500.48041800,,,,,
2012,San Luis Obispo,6079,399974805,424204522,664984000,1570.42407700,1480.72458300,47767084.00,130000000.00,140000000.00,66000000.00,6000000.00
2013,San Luis Obispo,6079,400203023,466887808,664984000,1715.90629700,1470.82634300,37073585.00,150000000.00,150000000.00,55000000.00,6400000.00
2014,San Luis Obispo,6079,424808645,516562520,664984000,1883.99950400,1549.35607100,39806035.00,170000000.00,160000000.00,51000000.00,5400000.00
2015,San Luis Obispo,6079,451228687,534080222,664984000,1931.45528800,1631.82982200,35704118.00,160000000.00,200000000.00,54000000.00,5200000.00
2016,San Luis Obispo,6079,512262332,536058993,664984000,1923.56463700,1838.17400600,39799448.00,160000000.00,190000000.00,58000000.00,4700000.00
2017,San Luis Obispo,6079,570838301,604606437,664984000,2158.39138700,2037.84213500,,,,,
2010,San Mateo,6081,1134440062,1157703664,75889000,1643.70195100,1610.67240400,,,,,
2011,San Mateo,6081,1224443265,1181002071,75889000,1659.59184900,1720.63717100,,,,,
2012,San Mateo,6081,1163707360,1191763043,75889000,1652.51128100,1613.60897300,46763977.00,380000000.00,370000000.00,94000000.00,17000000.00
2013,San Mateo,6081,1183291107,1236227553,75889000,1694.52321900,1621.96211500,56832047.00,370000000.00,390000000.00,100000000.00,17000000.00
2014,San Mateo,6081,1311459035,1460998295,75889000,1974.75700100,1772.63239700,62269904.00,540000000.00,430000000.00,100000000.00,16000000.00
2015,San Mateo,6081,1333854853,1379268826,75889000,1842.14200600,1781.48741400,72524318.00,520000000.00,460000000.00,95000000.00,15000000.00
2016,San Mateo,6081,1436027669,1482666461,75889000,1964.45232200,1902.65846200,74628257.00,470000000.00,460000000.00,87000000.00,11000000.00
2017,San Mateo,6081,1637306327,1732198692,75889000,2268.90915200,2144.61500700,,,,,
2010,Santa Barbara,6083,709798271,726248911,1177916000,1745.57665000,1706.03669000,,,,,
2011,Santa Barbara,6083,732828127,727551557,1177916000,1733.11979200,1745.68924900,,,,,
2012,Santa Barbara,6083,730246532,721802445,1177916000,1703.99591400,1723.93030100,25191652.00,180000000.00,190000000.00,110000000.00,3700000.00
2013,Santa Barbara,6083,718489242,727377855,1177916000,1702.31285500,1681.51046100,25162782.00,190000000.00,210000000.00,99000000.00,2700000.00
2014,Santa Barbara,6083,697619188,703415222,1177916000,1629.95498100,1616.52440100,24628726.00,190000000.00,210000000.00,110000000.00,2600000.00
2015,Santa Barbara,6083,763183342,767674135,1177916000,1761.32645400,1751.02292500,28344996.00,200000000.00,230000000.00,110000000.00,2500000.00
2016,Santa Barbara,6083,767194671,786760668,1177916000,1790.55444000,1746.02503700,21514756.00,870000000.00,230000000.00,110000000.00,2100000.00
2017,Santa Barbara,6083,868700233,880935692,1177916000,1988.58610900,1960.96631300,,,,,
2010,Santa Clara,6085,3440872808,3309176671,243829000,1902.48607600,1978.19979300,,,,,
2011,Santa Clara,6085,3414741017,3524443577,243829000,1999.39615900,1937.16254100,,,,,
2012,Santa Clara,6085,3384871819,3371375572,243829000,1885.14245600,1892.68903400,409286141.00,950000000.00,770000000.00,430000000.00,42000000.00
2013,Santa Clara,6085,3561844088,4177511573,243829000,2305.20534800,1965.47200300,385510420.00,1400000000.00,830000000.00,420000000.00,42000000.00
2014,Santa Clara,6085,3950036970,3955680734,243829000,2147.99485300,2144.93020400,413680455.00,1400000000.00,910000000.00,440000000.00,65000000.00
2015,Santa Clara,6085,4368717507,4589941453,243829000,2456.94612800,2338.52733700,509824221.00,1400000000.00,980000000.00,460000000.00,63000000.00
2016,Santa Clara,6085,4791192424,5077915977,243829000,2693.77460200,2541.67113500,422252948.00,1400000000.00,1100000000.00,510000000.00,62000000.00
2017,Santa Clara,6085,5379607003,5625107619,243829000,2943.19333200,2814.74142900,,,,,
2010,Santa Cruz,6087,370484098,369056621,565835000,1436.57136800,1442.12789400,,,,,
2011,Santa Cruz,6087,411937327,489190420,565835000,1885.83904500,1588.02679600,,,,,
2012,Santa Cruz,6087,391622021,389919669,565835000,1486.31420700,1492.80331200,50487128.00,99000000.00,140000000.00,71000000.00,3200000.00
2013,Santa Cruz,6087,421055100,400041675,565835000,1510.68576100,1590.03919800,65717132.00,95000000.00,140000000.00,72000000.00,3300000.00
2014,Santa Cruz,6087,422250736,419426941,565835000,1569.69398200,1580.26195800,66734254.00,100000000.00,160000000.00,68000000.00,3100000.00
2015,Santa Cruz,6087,438246671,442402666,565835000,1642.92168700,1627.48784200,66853406.00,99000000.00,180000000.00,65000000.00,3000000.00
2016,Santa Cruz,6087,459520668,460639814,565835000,1700.21080600,1696.08006500,95469663.00,420000000.00,170000000.00,68000000.00,2900000.00
2017,Santa Cruz,6087,570218930,566813218,565835000,2074.24063300,2086.70376200,,,,,
2010,Shasta,6089,254989970,275079808,65622000,1554.94900100,1441.38678200,,,,,
2011,Shasta,6089,243857110,262906976,65622000,1483.41416600,1375.92808300,,,,,
2012,Shasta,6089,248577940,255221598,65622000,1436.30642700,1398.91802200,8537841.00,52000000.00,110000000.00,65000000.00,2300000.00
2013,Shasta,6089,271604224,285317564,65622000,1603.21389500,1526.15794000,9103070.00,48000000.00,140000000.00,63000000.00,2300000.00
2014,Shasta,6089,267516878,282125313,65622000,1580.35689600,1498.52609200,8918754.00,45000000.00,130000000.00,66000000.00,1200000.00
2015,Shasta,6089,269742577,279509714,65622000,1562.01290900,1507.43021200,9442613.00,43000000.00,130000000.00,64000000.00,1100000.00
2016,Shasta,6089,276948539,289870881,65622000,1617.33033300,1545.23031600,15925838.00,41000000.00,140000000.00,66000000.00,1100000.00
2017,Shasta,6089,312998493,325291176,65622000,1818.09185200,1749.38655500,,,,,
2010,Sierra,6091,20558542,23317701,43437000,6927.42156900,6107.70707100,,,,,
2011,Sierra,6091,19513420,20446695,43437000,6239.45529400,5954.65975000,,,,,
2012,Sierra,6091,18699543,18407013,43437000,5819.47929200,5911.96427400,136352.00,240000.00,8500000.00,3100000.00,18059.00
2013,Sierra,6091,17923693,19153538,43437000,6125.21202400,5731.91333500,274242.00,4100000.00,10000000.00,2200000.00,12515.00
2014,Sierra,6091,17760529,20672620,43437000,6847.50579700,5882.91785400,395671.00,3900000.00,12000000.00,2000000.00,204004.00
2015,Sierra,6091,16141900,17875526,43437000,5917.08904300,5343.23071800,714861.00,3400000.00,9000000.00,2100000.00,181884.00
2016,Sierra,6091,19349750,18372274,43437000,6268.26134400,6601.75707900,629036.00,3000000.00,8800000.00,2200000.00,151675.00
2017,Sierra,6091,19234581,19247389,43437000,6671.53864800,6667.09913300,,,,,
2010,Siskiyou,6093,100956676,102441903,223096000,2292.27798200,2259.04399200,,,,,
2011,Siskiyou,6093,92086244,95626110,223096000,2139.90892200,2060.69425100,,,,,
2012,Siskiyou,6093,87597096,85769449,223096000,1919.93931500,1960.85098400,2158089.00,18000000.00,39000000.00,17000000.00,1000000.00
2013,Siskiyou,6093,83808673,84578397,223096000,1900.51001100,1883.21400800,3206278.00,17000000.00,36000000.00,18000000.00,1000000.00
2014,Siskiyou,6093,91125631,90699766,223096000,2049.20282000,2058.82449600,4140993.00,17000000.00,42000000.00,17000000.00,1000000.00
2015,Siskiyou,6093,84315741,92420912,223096000,2105.49976100,1920.85068900,1663169.00,29000000.00,40000000.00,21000000.00,1000000.00
2016,Siskiyou,6093,85977273,88510849,223096000,2026.90411700,1968.88506500,1888134.00,28000000.00,39000000.00,17000000.00,981512.00
2017,Siskiyou,6093,98099957,96104592,223096000,2207.77836000,2253.61720700,,,,,
2010,Solano,6095,603235623,566985334,307418000,1382.74941100,1471.15569400,,,,,
2011,Solano,6095,551694612,560420451,307418000,1361.49956500,1340.30079200,,,,,
2012,Solano,6095,542758644,527687683,307418000,1273.96479300,1310.34971200,27382294.00,210000000.00,190000000.00,97000000.00,9700000.00
2013,Solano,6095,559204862,614609630,307418000,1472.97266900,1340.18967200,25574473.00,200000000.00,230000000.00,130000000.00,9100000.00
2014,Solano,6095,591840280,584957743,307418000,1387.39194900,1403.71582300,25645372.00,190000000.00,260000000.00,85000000.00,8600000.00
2015,Solano,6095,582181636,601544357,307418000,1412.89516900,1367.41640300,19841780.00,180000000.00,240000000.00,93000000.00,7900000.00
2016,Solano,6095,616816043,655785885,307418000,1526.51767000,1435.80490300,20610104.00,170000000.00,270000000.00,100000000.00,7300000.00
2017,Solano,6095,699992831,713850543,307418000,1641.10741200,1609.24921100,,,,,
2010,Sonoma,6097,794300851,800224980,974393000,1688.07097200,1675.57404900,,,,,
2011,Sonoma,6097,791231581,788060843,974393000,1646.76459400,1653.39029900,,,,,
2012,Sonoma,6097,738271668,764467267,974393000,1581.25510300,1527.07106300,164515345.00,170000000.00,300000000.00,52000000.00,6500000.00
2013,Sonoma,6097,764095824,807618219,974393000,1656.75811000,1567.47572500,41315381.00,160000000.00,330000000.00,50000000.00,6200000.00
2014,Sonoma,6097,826349082,872800335,974393000,1774.74193300,1680.28850100,27974261.00,150000000.00,340000000.00,66000000.00,5700000.00
2015,Sonoma,6097,812134693,869159373,974393000,1755.60088100,1640.41765700,30224749.00,140000000.00,290000000.00,110000000.00,5300000.00
2016,Sonoma,6097,870825750,897391618,974393000,1802.80210000,1749.43297800,25900814.00,170000000.00,310000000.00,100000000.00,7800000.00
2017,Sonoma,6097,1087066343,1070620681,974393000,2137.21058300,2170.03999100,,,,,
2010,Stanislaus,6099,731145760,714741997,2228135000,1402.32929000,1434.51359900,,,,,
2011,Stanislaus,6099,727707644,726642911,2228135000,1417.92559400,1420.00324700,,,,,
2012,Stanislaus,6099,670490697,691605486,2228135000,1342.62346500,1301.63302800,10635073.00,120000000.00,280000000.00,160000000.00,5100000.00
2013,Stanislaus,6099,725311131,744277116,2228135000,1435.93857100,1399.34737500,8782193.00,100000000.00,330000000.00,150000000.00,4000000.00
2014,Stanislaus,6099,762210478,776130194,2228135000,1484.58129600,1457.95567300,8632592.00,73000000.00,330000000.00,150000000.00,2300000.00
2015,Stanislaus,6099,796726526,818809796,2228135000,1552.63752900,1510.76295300,8839438.00,62000000.00,370000000.00,160000000.00,1100000.00
2016,Stanislaus,6099,864250360,888198544,2228135000,1674.07431800,1628.93684200,12686745.00,51000000.00,400000000.00,170000000.00,795993.00
2017,Stanislaus,6099,1020349782,1039155522,2228135000,1939.86664200,1904.76060900,,,,,
2010,Sutter,6101,135542911,131230645,508175000,1404.73822500,1450.89821200,,,,,
2011,Sutter,6101,139101389,135588601,508175000,1439.49168700,1476.78559800,,,,,
2012,Sutter,6101,132053697,136502679,508175000,1442.71710600,1395.69515400,5250771.00,6300000.00,63000000.00,26000000.00,67183.00
2013,Sutter,6101,141951660,143270117,508175000,1511.49542700,1497.58574500,4806212.00,6500000.00,67000000.00,29000000.00,60150.00
2014,Sutter,6101,133937280,142945835,508175000,1503.63254300,1408.87247900,7787439.00,6400000.00,71000000.00,29000000.00,52800.00
2015,Sutter,6101,143483508,147462224,508175000,1548.20859400,1506.43598200,5586151.00,15000000.00,76000000.00,26000000.00,393547.00
2016,Sutter,6101,142086124,147910514,508175000,1550.32717000,1489.27870400,7128688.00,15000000.00,75000000.00,26000000.00,371501.00
2017,Sutter,6101,200521598,161056973,508175000,1684.99600300,2097.87930900,,,,,
2010,Tehama,6103,98512525,95880847,240818000,1532.25484600,1574.31122700,,,,,
2011,Tehama,6103,100569088,102203350,240818000,1622.66174500,1596.71490000,,,,,
2012,Tehama,6103,95275561,95863453,240818000,1516.82678800,1507.52469900,2681874.00,10000000.00,43000000.00,19000000.00,333160.00
2013,Tehama,6103,106744031,103104029,240818000,1630.33521000,1687.89283900,2890198.00,10000000.00,45000000.00,24000000.00,317263.00
2014,Tehama,6103,112102049,122148170,240818000,1930.15880800,1771.41218900,3200084.00,18000000.00,52000000.00,20000000.00,341229.00
2015,Tehama,6103,114843810,113479286,240818000,1796.92307400,1818.53005400,2321678.00,17000000.00,56000000.00,22000000.00,473499.00
2016,Tehama,6103,114640010,112894969,240818000,1791.55707400,1819.24954400,1685517.00,17000000.00,53000000.00,23000000.00,519048.00
2017,Tehama,6103,143023900,129744232,240818000,2051.38950500,2261.35468900,,,,,
2010,Trinity,6105,38219365,40785338,5161000,2976.81468500,2789.53105600,,,,,
2011,Trinity,6105,40419395,39764045,5161000,2900.15644400,2947.95383300,,,,,
2012,Trinity,6105,40389810,38879340,5161000,2839.35879600,2949.66844400,3312845.00,23000000.00,14000000.00,11000000.00,768965.00
2013,Trinity,6105,42461859,41344852,5161000,3031.59202200,3113.49604000,1042165.00,25000000.00,16000000.00,11000000.00,713320.00
2014,Trinity,6105,45373860,46641275,5161000,3451.07473200,3357.29633700,1642314.00,26000000.00,19000000.00,14000000.00,655201.00
2015,Trinity,6105,48967320,50487997,5161000,3775.36805500,3661.65557500,1620642.00,27000000.00,17000000.00,18000000.00,567617.00
2016,Trinity,6105,54052261,55094161,5161000,4180.13361200,4101.08201800,6709087.00,28000000.00,19000000.00,20000000.00,483276.00
2017,Trinity,6105,51531891,52351633,5161000,4015.61962100,3952.74150500,,,,,
2010,Tulare,6107,644590556,646236044,4017073000,1504.96046600,1501.12843800,,,,,
2011,Tulare,6107,653314080,660327241,4017073000,1513.69962200,1497.62301900,,,,,
2012,Tulare,6107,658505390,667133295,4017073000,1509.77148600,1490.24590600,33269406.00,51000000.00,240000000.00,170000000.00,1900000.00
2013,Tulare,6107,664827265,669540337,4017073000,1499.04697500,1488.49478600,52663040.00,45000000.00,260000000.00,160000000.00,955265.00
2014,Tulare,6107,685713250,689923821,4017073000,1529.39832800,1520.06448600,55924959.00,35000000.00,300000000.00,130000000.00,1100000.00
2015,Tulare,6107,675737499,711263207,4017073000,1566.54517800,1488.30040800,111574060.00,66000000.00,320000000.00,120000000.00,642539.00
2016,Tulare,6107,718155968,750322651,4017073000,1646.27838000,1575.70165600,119896689.00,350000000.00,320000000.00,130000000.00,367084.00
2017,Tulare,6107,817285973,833047726,4017073000,1815.67433500,1781.32070900,,,,,
2010,Tuolumne,6109,107643945,109759122,27652000,1957.39776000,1919.67658800,,,,,
2011,Tuolumne,6109,100164857,106084301,27652000,1903.33538500,1797.13034700,,,,,
2012,Tuolumne,6109,103508192,103688846,27652000,1878.25099200,1874.97857100,2822902.00,11000000.00,31000000.00,18000000.00,242957.00
2013,Tuolumne,6109,100218868,100646436,27652000,1839.03003900,1831.21743900,1938257.00,5400000.00,34000000.00,19000000.00,237991.00
2014,Tuolumne,6109,99328679,103434997,27652000,1903.23287400,1827.67547400,2356415.00,5300000.00,36000000.00,17000000.00,233189.00
2015,Tuolumne,6109,116199230,115533216,27652000,2136.37855700,2148.69413300,2319878.00,13000000.00,36000000.00,16000000.00,391905.00
2016,Tuolumne,6109,126007249,119346186,27652000,2215.69482400,2339.35929400,1795628.00,13000000.00,44000000.00,18000000.00,542933.00
2017,Tuolumne,6109,147934909,146765324,27652000,2722.96933200,2744.66889900,,,,,
2010,Ventura,6111,1223893404,1253259525,1440132000,1548.99333200,1512.69763700,,,,,
2011,Ventura,6111,1276806352,1346461638,1440132000,1650.59134700,1565.20279300,,,,,
2012,Ventura,6111,1313739166,1328768893,1440132000,1614.94723200,1596.68053700,69442667.00,73000000.00,280000000.00,150000000.00,1600000.00
2013,Ventura,6111,1346060942,1378237404,1440132000,1662.49594900,1623.68316000,70300597.00,69000000.00,300000000.00,150000000.00,1500000.00
2014,Ventura,6111,1428780799,1461065531,1440132000,1748.12516400,1709.49736100,70426892.00,86000000.00,330000000.00,150000000.00,1800000.00
2015,Ventura,6111,1491633656,1507676039,1440132000,1793.07429500,1773.99514100,71381653.00,86000000.00,360000000.00,160000000.00,2300000.00
2016,Ventura,6111,1546877379,1545674626,1440132000,1833.30126100,1834.72782800,54576041.00,91000000.00,330000000.00,170000000.00,2100000.00
2017,Ventura,6111,1908257778,1900770086,1440132000,2241.91302300,2250.74457700,,,,,
2010,Yolo,6113,261598583,255698614,561241000,1301.80846000,1331.84628200,,,,,
2011,Yolo,6113,244393211,261437981,561241000,1314.49190800,1228.79199500,,,,,
2012,Yolo,6113,233857461,244718017,561241000,1218.27232600,1164.20554800,13197320.00,43000000.00,97000000.00,45000000.00,1100000.00
2013,Yolo,6113,272683620,287170871,561241000,1419.61397100,1347.99701400,18707989.00,63000000.00,110000000.00,49000000.00,1800000.00
2014,Yolo,6113,258533142,290297398,561241000,1421.89730700,1266.31372100,8468372.00,64000000.00,110000000.00,59000000.00,2600000.00
2015,Yolo,6113,270406632,282337607,561241000,1361.84452500,1304.29592900,10774308.00,27000000.00,120000000.00,52000000.00,867255.00
2016,Yolo,6113,302518766,312607775,561241000,1490.94426500,1442.82598000,11288096.00,25000000.00,130000000.00,46000000.00,670717.00
2017,Yolo,6113,322062151,329855079,561241000,1551.49257500,1514.83808500,,,,,
2010,Yuba,6115,124612165,120963822,193449000,1699.88507600,1751.15465100,,,,,
2011,Yuba,6115,128941559,127209003,193449000,1771.29374700,1795.41834100,,,,,
2012,Yuba,6115,125505547,115470037,193449000,1598.33393800,1737.24526600,,21000000.00,40000000.00,23000000.00,422548.00
2013,Yuba,6115,120753999,139896418,193449000,1927.63824500,1663.87410100,2122705.00,15000000.00,74000000.00,16000000.00,420500.00
2014,Yuba,6115,123173768,146826986,193449000,2009.70429400,1685.94927400,2469436.00,15000000.00,67000000.00,27000000.00,396075.00
2015,Yuba,6115,151966919,174267866,193449000,2373.02539600,2069.35085900,2121601.00,21000000.00,76000000.00,28000000.00,389523.00
2016,Yuba,6115,149258918,169254751,193449000,2290.41437400,2019.82378200,5912270.00,100000000.00,70000000.00,28000000.00,4800000.00
2017,Yuba,6115,190023790,171928957,193449000,2303.31918200,2545.73428500,,,,,