"","doc","Crisis management","Dynamic","Preparedness","Risk management","Security","Static"
"1","Documents/GitHub/Yuba/concept.codes/Macro/Alameda.2012.txt",0.3795972229143,0.415791352963801,-0.0190241445714366,0.166188973885036,0.178380689791139,0.397631948785889
"2","Documents/GitHub/Yuba/concept.codes/Macro/Alameda.2013.txt",0.372102538690652,0.422977634581754,-0.00156939171467495,0.206443303479828,0.16713260067182,0.427436325089717
"3","Documents/GitHub/Yuba/concept.codes/Macro/Alameda.2014.txt",0.37087879413032,0.413713140172387,-0.00988761124456249,0.166406744453015,0.16845075555803,0.395234508106573
"4","Documents/GitHub/Yuba/concept.codes/Macro/Alameda.2015.txt",0.367789869163072,0.409171622606953,-0.00351582042441621,0.16416059753982,0.171721950551604,0.400640045046133
"5","Documents/GitHub/Yuba/concept.codes/Macro/Alameda.2016.txt",0.353035073772968,0.404696587582208,-0.00334247544379888,0.1834889258055,0.180777715913194,0.41072858170446
"6","Documents/GitHub/Yuba/concept.codes/Macro/Butte.2012.txt",0.301379812574875,0.437308170198052,0.033400871866486,0.199973174208395,0.171342502343531,0.425271386059972
"7","Documents/GitHub/Yuba/concept.codes/Macro/Butte.2013.txt",0.299612419977392,0.412495867569764,0.0309467485705171,0.206673689858637,0.173767857684206,0.425701165737753
"8","Documents/GitHub/Yuba/concept.codes/Macro/Butte.2014.txt",0.343446238735414,0.428518789745129,-0.0231163354124408,0.148325630183568,0.182860525608104,0.369603756137243
"9","Documents/GitHub/Yuba/concept.codes/Macro/Butte.2015.txt",0.331180659384853,0.439005213997433,0.00429325334108497,0.17733056480467,0.190359143322631,0.410829435069019
"10","Documents/GitHub/Yuba/concept.codes/Macro/Butte.2016.txt",0.311341747666742,0.435103728354469,0.0459609553101676,0.18895423608983,0.178705100442626,0.439218293475706
"11","Documents/GitHub/Yuba/concept.codes/Macro/Calaveras.2014.txt",0.336787193171303,0.422952229170994,0.0357431595786731,0.215279836157619,0.143748452693032,0.438596307606599
"12","Documents/GitHub/Yuba/concept.codes/Macro/Calaveras.2015.txt",0.307941134480791,0.420852342595107,0.0205405541586599,0.19749238849863,0.158924718640751,0.409232700526493
"13","Documents/GitHub/Yuba/concept.codes/Macro/Calaveras.2016.txt",0.295366970738527,0.407125584148049,0.0286671761612163,0.217101996234468,0.156660320035704,0.418303819924995
"14","Documents/GitHub/Yuba/concept.codes/Macro/Colusa.2016.txt",0.39274879051844,0.345039574808701,0.0185796744605595,0.147087606996982,0.123881267748041,0.397783563477581
"15","Documents/GitHub/Yuba/concept.codes/Macro/ContraCosta.2012.txt",0.313119239178006,0.426952215721525,0.0232434528427225,0.217933216770537,0.163288218908475,0.422573908673819
"16","Documents/GitHub/Yuba/concept.codes/Macro/ContraCosta.2013.txt",0.304132495505604,0.417511227078697,0.0207089055286064,0.222460057526351,0.157317235711068,0.415611394844833
"17","Documents/GitHub/Yuba/concept.codes/Macro/ContraCosta.2014.txt",0.323611822527058,0.410305455556459,0.0228103487354887,0.221176682289764,0.152507719462948,0.42460072127803
"18","Documents/GitHub/Yuba/concept.codes/Macro/ContraCosta.2015.txt",0.32554122847612,0.426627975289221,0.0180432930263697,0.21319349059638,0.168874014819469,0.425974685890506
"19","Documents/GitHub/Yuba/concept.codes/Macro/ContraCosta.2016.txt",0.323009390555355,0.478626436256579,0.030417030427123,0.195979449624104,0.186694792454699,0.435671293084993
"20","Documents/GitHub/Yuba/concept.codes/Macro/ElDorado.2012.txt",0.373736276601757,0.364275455795431,0.0352585141832076,0.198869609726438,0.133296008342607,0.43644669379519
"21","Documents/GitHub/Yuba/concept.codes/Macro/ElDorado.2013.txt",0.374345860167993,0.370844454378512,0.0397926470573414,0.187108122265464,0.127736162738926,0.431116318438641
"22","Documents/GitHub/Yuba/concept.codes/Macro/ElDorado.2014.txt",0.357623694918613,0.386136870616038,0.014928753865115,0.197616700807593,0.14766027544331,0.418316263339104
"23","Documents/GitHub/Yuba/concept.codes/Macro/ElDorado.2015.txt",0.360167533273626,0.366944431458742,0.0503707392937664,0.238882131074566,0.113002681355512,0.45547185985325
"24","Documents/GitHub/Yuba/concept.codes/Macro/ElDorado.2016.txt",0.373838741975039,0.374945323060694,0.0608632531222281,0.227748026082747,0.112359790039298,0.461996583438827
"25","Documents/GitHub/Yuba/concept.codes/Macro/Fresno.2012.txt",0.336101094422957,0.385583534159915,0.0576827568843042,0.177882075029123,0.159479694117182,0.443837915206811
"26","Documents/GitHub/Yuba/concept.codes/Macro/Fresno.2013.txt",0.302610600497549,0.395727941644541,0.0436352563261063,0.205435034531981,0.169808257789954,0.438657458266518
"27","Documents/GitHub/Yuba/concept.codes/Macro/Fresno.2014.txt",0.280968245249539,0.386020736020396,0.0433009620543906,0.205464108514209,0.164239385696552,0.421700576548242
"28","Documents/GitHub/Yuba/concept.codes/Macro/Fresno.2015.txt",0.307185710299501,0.369380101250405,0.0259818320521244,0.202440845175714,0.147857881429154,0.410724363492911
"29","Documents/GitHub/Yuba/concept.codes/Macro/Fresno.2016.txt",0.323321406303224,0.385400590705748,0.0336237817058349,0.206068920578603,0.156336839372325,0.429399046352836
"30","Documents/GitHub/Yuba/concept.codes/Macro/Humboldt.2012.txt",0.342753191283756,0.427545610838864,0.030429057032409,0.149569139342415,0.166974283476484,0.408464207644905
"31","Documents/GitHub/Yuba/concept.codes/Macro/Humboldt.2013.txt",0.319913220294835,0.419276107381733,0.0430076200846675,0.205785353779596,0.167790510140044,0.441815228573171
"32","Documents/GitHub/Yuba/concept.codes/Macro/Humboldt.2014.txt",0.391831398923948,0.41292524806418,0.048393823859644,0.182614227926309,0.140806371876611,0.451514873061715
"33","Documents/GitHub/Yuba/concept.codes/Macro/Humboldt.2015.txt",0.375617239730541,0.365364166954793,-0.0156484431924467,0.161425639291115,0.124848600409323,0.362469959043423
"34","Documents/GitHub/Yuba/concept.codes/Macro/Humboldt.2016.txt",0.368582370328692,0.397481263121524,-0.0181888771097917,0.139823418941094,0.165762649426188,0.369906504690308
"35","Documents/GitHub/Yuba/concept.codes/Macro/Imperial.2012.txt",0.386029193071406,0.32816096710698,0.0466979853419838,0.150983434585462,0.148529373134578,0.430494589365858
"36","Documents/GitHub/Yuba/concept.codes/Macro/Imperial.2013.txt",0.416030045440647,0.295482025738043,0.023451943560481,0.19217312612015,0.115232196319313,0.424127819686477
"37","Documents/GitHub/Yuba/concept.codes/Macro/Imperial.2014.txt",0.437469671191357,0.327544300088714,0.0511800782332083,0.181507539216945,0.110099970146809,0.455212869822499
"38","Documents/GitHub/Yuba/concept.codes/Macro/Imperial.2015.txt",0.439904142042261,0.35840829998587,0.0295361285182372,0.154540580261465,0.091708950223116,0.415191971356142
"39","Documents/GitHub/Yuba/concept.codes/Macro/Imperial.2016.txt",0.345655578302362,0.326363095473495,0.0628668144443601,0.216303444015225,0.106066358581703,0.43342569915288
"40","Documents/GitHub/Yuba/concept.codes/Macro/Inyo.2012.txt",0.262274305335152,0.403132034791799,0.0259753098721212,0.235450121933435,0.153700513751969,0.404884982173287
"41","Documents/GitHub/Yuba/concept.codes/Macro/Inyo.2013.txt",0.257808574500267,0.411987402916484,0.0225399325346974,0.230975379934969,0.157205860590821,0.399828268857095
"42","Documents/GitHub/Yuba/concept.codes/Macro/Inyo.2014.txt",0.272198092951324,0.412247620264797,0.0223140318078772,0.224557955289966,0.156634415963721,0.402456953145834
"43","Documents/GitHub/Yuba/concept.codes/Macro/Inyo.2015.txt",0.255491963738281,0.415385244292082,0.0329550395896307,0.238188405224653,0.146419096283142,0.405301005799506
"44","Documents/GitHub/Yuba/concept.codes/Macro/Inyo.2016.txt",0.25858354796208,0.413232311272266,0.0255240897584,0.236207751958384,0.156243815914964,0.40562371222528
"45","Documents/GitHub/Yuba/concept.codes/Macro/Kern.2012.txt",0.3317498512155,0.422954133405374,-0.00280712899185116,0.178446741842442,0.176455500087579,0.395134670126363
"46","Documents/GitHub/Yuba/concept.codes/Macro/Kern.2013.txt",0.334093569098295,0.437125693608437,0.000247703703707152,0.190839938534788,0.183430690816243,0.411616798053744
"47","Documents/GitHub/Yuba/concept.codes/Macro/Kern.2014.txt",0.346357667256664,0.420632561561881,0.00913051463083899,0.185560406649286,0.168972241624686,0.412408154708047
"48","Documents/GitHub/Yuba/concept.codes/Macro/Kern.2015.txt",0.322271032730533,0.421337603596328,0.0183074194063659,0.207635571161814,0.165917636705846,0.419866940756761
"49","Documents/GitHub/Yuba/concept.codes/Macro/Kern.2016.txt",0.334172837905254,0.439150978979984,0.016827456558349,0.19668690593062,0.167667863469582,0.420120103256397
"50","Documents/GitHub/Yuba/concept.codes/Macro/Kings.2012.txt",0.348281818115257,0.400750379554632,-0.0092959063669382,0.153254614716113,0.171445160198161,0.380062452895964
"51","Documents/GitHub/Yuba/concept.codes/Macro/Kings.2013.txt",0.328060329824394,0.399232957136187,0.0169319188606461,0.167133181073886,0.153516417255166,0.39053004321677
"52","Documents/GitHub/Yuba/concept.codes/Macro/Kings.2014.txt",0.338281224119889,0.407854372942718,0.0176527090391552,0.170240633524263,0.152768445211532,0.398730052684333
"53","Documents/GitHub/Yuba/concept.codes/Macro/Kings.2015.txt",0.353622213921495,0.401050812665017,0.00346222360030708,0.165244800539317,0.153113669187163,0.392358439515178
"54","Documents/GitHub/Yuba/concept.codes/Macro/Kings.2016.txt",0.358584709568969,0.393941482504134,-0.00225922157740383,0.144207207293005,0.161877230224669,0.382607244176289
"55","Documents/GitHub/Yuba/concept.codes/Macro/LosAngeles.2012.txt",0.346051157298037,0.415607985382854,0.0120607218862282,0.202206073430601,0.163094430691569,0.418748504004027
"56","Documents/GitHub/Yuba/concept.codes/Macro/LosAngeles.2013.txt",0.334989391028845,0.416013451015101,0.0121369607859619,0.22227322478483,0.16172685821927,0.426677943943958
"57","Documents/GitHub/Yuba/concept.codes/Macro/LosAngeles.2014.txt",0.330661715009879,0.412629948588438,0.0119376784541601,0.191862827837716,0.186112231048762,0.419676249540831
"58","Documents/GitHub/Yuba/concept.codes/Macro/LosAngeles.2015.txt",0.367284490470133,0.404218410272687,0.00700725084428368,0.199110477614741,0.173219349549136,0.431567444557042
"59","Documents/GitHub/Yuba/concept.codes/Macro/LosAngeles.2016.txt",0.377228414930031,0.416063504347002,-0.00398831261254184,0.17562827831525,0.17837662135571,0.419664136110331
"60","Documents/GitHub/Yuba/concept.codes/Macro/Madera.2012.txt",0.42694662404193,0.384736985356544,0.00288499677338806,0.15264954215591,0.158511945454658,0.423856235732351
"61","Documents/GitHub/Yuba/concept.codes/Macro/Marin.2012.txt",0.325808679838749,0.409941676659796,0.0607505403531114,0.241001214588933,0.127748360381312,0.452144843795702
"62","Documents/GitHub/Yuba/concept.codes/Macro/Marin.2013.txt",0.299732167574805,0.432494484623248,0.0552858708703554,0.236720126496308,0.146841461412781,0.443937510407997
"63","Documents/GitHub/Yuba/concept.codes/Macro/Marin.2014.txt",0.295271876773132,0.425862642709103,0.0550439482651994,0.239801502376156,0.151315670545449,0.44697654284144
"64","Documents/GitHub/Yuba/concept.codes/Macro/Marin.2015.txt",0.319488107951564,0.415391150876557,0.0326664933552036,0.223156345243986,0.159359624736684,0.433638089678675
"65","Documents/GitHub/Yuba/concept.codes/Macro/Marin.2016.txt",0.283000302757438,0.43252042856355,0.0215248678607778,0.236852274989849,0.174407668101825,0.421662089591967
"66","Documents/GitHub/Yuba/concept.codes/Macro/Mariposa.2012.txt",0.346728590584492,0.436158114429446,-0.00818421155571654,0.200038659449761,0.167290607129099,0.407327439964379
"67","Documents/GitHub/Yuba/concept.codes/Macro/Mariposa.2013.txt",0.349096196964222,0.430605195110986,0.00688877244428996,0.187268601342745,0.160988589906777,0.412524669322078
"68","Documents/GitHub/Yuba/concept.codes/Macro/Mariposa.2014.txt",0.365948445946523,0.428726502054482,-0.00480572860971109,0.185521608186459,0.163718834297639,0.410400699769729
"69","Documents/GitHub/Yuba/concept.codes/Macro/Mariposa.2015.txt",0.392976120341232,0.40144278309419,0.017544823839849,0.188261060103708,0.122988257812429,0.423434707026523
"70","Documents/GitHub/Yuba/concept.codes/Macro/Mariposa.2016.txt",0.350653093614482,0.403942066205712,0.0271508195129658,0.188942888544368,0.136772595474582,0.42074242562768
"71","Documents/GitHub/Yuba/concept.codes/Macro/Mendocino.2012.txt",0.393813621257093,0.416483233920906,-0.00271531522362393,0.169241630901797,0.126667773897551,0.387622550168714
"72","Documents/GitHub/Yuba/concept.codes/Macro/Mendocino.2013.txt",0.406279516741113,0.380675773424909,0.0188938838290746,0.176153168033948,0.114545726416891,0.410990282371074
"73","Documents/GitHub/Yuba/concept.codes/Macro/Mendocino.2014.txt",0.40014155326162,0.395154915199705,0.0388086880172972,0.179721692519006,0.118714105689595,0.432952675657176
"74","Documents/GitHub/Yuba/concept.codes/Macro/Mendocino.2015.txt",0.420644747698871,0.389891512681932,0.0235876062948752,0.160282259303693,0.138135410964243,0.432505396289335
"75","Documents/GitHub/Yuba/concept.codes/Macro/Mendocino.2016.txt",0.330878946592631,0.386860177164356,0.0462302750090397,0.192734784818282,0.155943667044933,0.436250792761911
"76","Documents/GitHub/Yuba/concept.codes/Macro/Merced.2012.txt",0.415752006606055,0.386464282966226,0.0192690205829284,0.220240363987153,0.138295126674485,0.460354478959429
"77","Documents/GitHub/Yuba/concept.codes/Macro/Merced.2013.txt",0.367412667301408,0.382529422349217,0.0278248290863365,0.205708657966003,0.140698447331029,0.430006482750667
"78","Documents/GitHub/Yuba/concept.codes/Macro/Merced.2014.txt",0.32075755399063,0.421037056385738,0.0435136357896535,0.225089871273005,0.159341073576124,0.443580598160459
"79","Documents/GitHub/Yuba/concept.codes/Macro/Merced.2015.txt",0.360397279890611,0.434744777878108,0.0109043089950393,0.193990198434576,0.175187164979756,0.431741674693633
"80","Documents/GitHub/Yuba/concept.codes/Macro/Merced.2016.txt",0.33658743715766,0.413583233969859,0.0293340578996293,0.209227384087055,0.180425424249839,0.448774655323878
"81","Documents/GitHub/Yuba/concept.codes/Macro/Modera.2013.txt",0.427938927546921,0.390299074159822,0.0300453619075006,0.172212651083839,0.139716837155293,0.45043601394217
"82","Documents/GitHub/Yuba/concept.codes/Macro/Modera.2014.txt",0.401100959100276,0.412261324269804,0.0281753632746962,0.178065631133291,0.139156209768823,0.438128557224264
"83","Documents/GitHub/Yuba/concept.codes/Macro/Modera.2015.txt",0.392716345651101,0.398915636385187,0.0306561854178968,0.178448264341812,0.14630580260779,0.441048708542416
"84","Documents/GitHub/Yuba/concept.codes/Macro/Modera.2016.txt",0.380404650648814,0.408933668830292,0.0351308114907029,0.162256763480858,0.165296437600957,0.439177650708139
"85","Documents/GitHub/Yuba/concept.codes/Macro/Mono.2012.txt",0.48502803869613,0.345608323095405,-0.0201500136554139,0.141388296036821,0.0835842865035698,0.379781140242222
"86","Documents/GitHub/Yuba/concept.codes/Macro/Mono.2013.txt",0.303371301166587,0.412869517565346,0.020341148033125,0.20517808254525,0.154133604173827,0.404833802557368
"87","Documents/GitHub/Yuba/concept.codes/Macro/Mono.2014.txt",0.338562425024654,0.377693073449843,0.0545278756765071,0.184059829659549,0.135899630221349,0.427316435250412
"88","Documents/GitHub/Yuba/concept.codes/Macro/Mono.2015.txt",0.436160549576201,0.449507552244125,-0.0235169337444597,0.0931526368517129,0.171309512763392,0.383075198069932
"89","Documents/GitHub/Yuba/concept.codes/Macro/Mono.2016.txt",0.367964842539184,0.375076184037759,0.0531405438286199,0.185593162169444,0.129654250817558,0.438490112115679
"90","Documents/GitHub/Yuba/concept.codes/Macro/Monterey.2012.txt",0.359549401635343,0.43436432731697,-0.00480826997175702,0.180621365426817,0.159033270254976,0.400109137940144
"91","Documents/GitHub/Yuba/concept.codes/Macro/Monterey.2013.txt",0.389968580702983,0.428061971853608,-0.011331131273274,0.168133825135957,0.172926968001064,0.413784660704894
"92","Documents/GitHub/Yuba/concept.codes/Macro/Monterey.2014.txt",0.397713109672135,0.437969291410126,-0.00555108371555509,0.142022942574039,0.150313792000191,0.394504727630925
"93","Documents/GitHub/Yuba/concept.codes/Macro/Monterey.2015.txt",0.391957883010985,0.439400758023687,-0.0087388665423471,0.146203559896363,0.168777608785065,0.402665784640937
"94","Documents/GitHub/Yuba/concept.codes/Macro/Monterey.2016.txt",0.397081362687224,0.42077235981489,-0.00569075628307841,0.154088742644885,0.176272864028949,0.416748916413049
"95","Documents/GitHub/Yuba/concept.codes/Macro/Napa.2012.txt",0.319583083148011,0.403162665813643,0.0394223908048483,0.226956075441914,0.151650835211108,0.441164768595599
"96","Documents/GitHub/Yuba/concept.codes/Macro/Napa.2013.txt",0.33255178293199,0.395385038543318,0.0301213069952898,0.235788596264933,0.142296134218361,0.436541137689918
"97","Documents/GitHub/Yuba/concept.codes/Macro/Napa.2014.txt",0.329983289186373,0.395039013606821,0.0281872481103788,0.220726529517584,0.152740289742458,0.432375154087193
"98","Documents/GitHub/Yuba/concept.codes/Macro/Napa.2015.txt",0.329099522003764,0.419694660055271,0.0252942799668942,0.212614839066128,0.161236085212086,0.42981217466642
"99","Documents/GitHub/Yuba/concept.codes/Macro/Napa.2016.txt",0.328432502876813,0.397410314226535,0.0158234507616026,0.207509408601113,0.153582035754444,0.414975870436446
"100","Documents/GitHub/Yuba/concept.codes/Macro/Nevada.2016.txt",0.362310144907482,0.395586103101043,-0.027063432104659,0.132182953117321,0.167556415121174,0.362206278448429
"101","Documents/GitHub/Yuba/concept.codes/Macro/Orange.2012.txt",0.404735775462963,0.403057625024639,0.0277940215955506,0.179181272850351,0.141578420437833,0.440919169095637
"102","Documents/GitHub/Yuba/concept.codes/Macro/Orange.2013.txt",0.395676670508681,0.407595959880637,0.0228784101351016,0.1942989971298,0.145055021709721,0.44035671626331
"103","Documents/GitHub/Yuba/concept.codes/Macro/Orange.2014.txt",0.428869866741171,0.400389818977896,-0.0274932338177078,0.174749706192876,0.148618806731187,0.404887175736482
"104","Documents/GitHub/Yuba/concept.codes/Macro/Orange.2015.txt",0.391017523752876,0.434127870660932,0.0168946850108297,0.182474081855106,0.16545779337575,0.44144141235161
"105","Documents/GitHub/Yuba/concept.codes/Macro/Orange.2016.txt",0.329569759235379,0.441957559595075,0.0226608169558016,0.183096183805249,0.17937229921663,0.422485274456618
"106","Documents/GitHub/Yuba/concept.codes/Macro/Placer.2013.txt",0.263020325928253,0.423829450794736,0.0495494745081548,0.230016409078794,0.166444692259501,0.436196702818894
"107","Documents/GitHub/Yuba/concept.codes/Macro/Placer.2014.txt",0.290441188249124,0.422425639856048,0.0453411850537758,0.240716114866338,0.14899209855958,0.441783341300936
"108","Documents/GitHub/Yuba/concept.codes/Macro/Placer.2015.txt",0.277924169203646,0.421282031529641,0.0577096671992095,0.246989762219228,0.153546089363688,0.451651277270307
"109","Documents/GitHub/Yuba/concept.codes/Macro/Placer.2016.txt",0.290263968347789,0.383784457916411,0.0647005104789423,0.249673933377078,0.129678206599851,0.449416064143774
"110","Documents/GitHub/Yuba/concept.codes/Macro/Riverside.2013.txt",0.365222575064615,0.426780883491633,0.0108664062647789,0.229676710613053,0.177656013095666,0.454600694401787
"111","Documents/GitHub/Yuba/concept.codes/Macro/Riverside.2014.txt",0.300350835773962,0.424542142084273,0.0380665119698911,0.224048362985806,0.173418500053979,0.43993397558102
"112","Documents/GitHub/Yuba/concept.codes/Macro/Riverside.2015.txt",0.36901832143552,0.421785963702621,0.00513746591676544,0.172365074155644,0.183899817693618,0.423135843903366
"113","Documents/GitHub/Yuba/concept.codes/Macro/Riverside.2016.txt",0.348049550447379,0.38690004680742,0.0630714264841743,0.215562157830796,0.14958936204163,0.467795634127324
"114","Documents/GitHub/Yuba/concept.codes/Macro/San Diego.2013.txt",0.247897285062726,0.443238441935598,0.0739487487520936,0.203628726422032,0.186077322782728,0.439067718609391
"115","Documents/GitHub/Yuba/concept.codes/Macro/San Diego.2014.txt",0.244309384012438,0.397210499842802,0.0231207746748932,0.175843165849508,0.182483854004618,0.375820681776187
"116","Documents/GitHub/Yuba/concept.codes/Macro/San Diego.2015.txt",0.230509805321448,0.399508546464286,-0.000489544851356719,0.160263623771217,0.220493529567017,0.363002593756119
"117","Documents/GitHub/Yuba/concept.codes/Macro/San Diego.2016.txt",0.2156437825669,0.413611605580648,0.0121862521332917,0.178437698433706,0.178805355923184,0.35053476613149
"118","Documents/GitHub/Yuba/concept.codes/Macro/SanBenito.2013.txt",0.386247869263081,0.392298873530083,-0.0582581396789442,0.157639631112875,0.165311551391994,0.354285240393419
"119","Documents/GitHub/Yuba/concept.codes/Macro/SanBenito.2014.txt",0.372148593365708,0.401620980929259,0.0315093911544829,0.188739793555726,0.145774902592879,0.436259379151674
"120","Documents/GitHub/Yuba/concept.codes/Macro/SanBenito.2016.txt",0.317926917888575,0.414644322455264,0.0213067844498456,0.172575469728222,0.176800533332558,0.410999208548038
"121","Documents/GitHub/Yuba/concept.codes/Macro/SanBernardino.2012.txt",0.307649603695965,0.416643123864306,0.0496074683325145,0.221073158430142,0.159260570858095,0.442327462876929
"122","Documents/GitHub/Yuba/concept.codes/Macro/SanBernardino.2013.txt",0.246330977918067,0.449168270354043,0.0732145995561569,0.272908365258827,0.157055367768305,0.459337099006287
"123","Documents/GitHub/Yuba/concept.codes/Macro/SanBernardino.2015.txt",0.285596109432768,0.42597986821174,0.0364460413708257,0.229866625774726,0.164425179368886,0.429715137190145
"124","Documents/GitHub/Yuba/concept.codes/Macro/SanBernardino.2016.txt",0.280703313555289,0.418508148274108,0.0307677573788363,0.199988036084508,0.17329763795016,0.40917531215249
"125","Documents/GitHub/Yuba/concept.codes/Macro/SanDiego.2012.txt",0.296886406891693,0.431744181400158,0.0164071666569968,0.168354107392196,0.185646518475944,0.396393708527235
"126","Documents/GitHub/Yuba/concept.codes/Macro/SanFrancisco.2012.txt",0.293324781152245,0.392804943886733,0.0497689667140312,0.179316539159325,0.165968862686956,0.415786884635219
"127","Documents/GitHub/Yuba/concept.codes/Macro/SanFrancisco.2013.txt",0.327468646746338,0.40613009516684,0.0201032982417349,0.114039598141735,0.217320950262496,0.39827043523791
"128","Documents/GitHub/Yuba/concept.codes/Macro/SanFrancisco.2015.txt",0.310719254092015,0.396708871086266,0.0135675324137186,0.133575961481445,0.219022031663798,0.397330719826499
"129","Documents/GitHub/Yuba/concept.codes/Macro/SanJoaquin.2012.txt",0.283385804874695,0.451007431913651,0.00905314769555243,0.221648192760684,0.178375806117213,0.407128558374292
"130","Documents/GitHub/Yuba/concept.codes/Macro/SanJoaquin.2013.txt",0.300397368633873,0.424249472807511,0.0170432366380197,0.227774497070692,0.163968845612714,0.418005219654948
"131","Documents/GitHub/Yuba/concept.codes/Macro/SanJoaquin.2014.txt",0.297016870785177,0.417705068929059,0.0229192816310727,0.220163436040511,0.168972932162955,0.420347868218018
"132","Documents/GitHub/Yuba/concept.codes/Macro/SanJoaquin.2015.txt",0.294596067242873,0.404604801062025,0.017773102209221,0.228605244252127,0.158425079254482,0.413677947389903
"133","Documents/GitHub/Yuba/concept.codes/Macro/SanJoaquin.2016.txt",0.310486514548557,0.414787368894116,0.0147861402164852,0.207287400963495,0.163081653976038,0.410230931477716
"134","Documents/GitHub/Yuba/concept.codes/Macro/SanLuisObispo.2013.txt",0.305853623428512,0.394982446439359,0.0188480418277625,0.222782033668682,0.13961422342446,0.402887416955907
"135","Documents/GitHub/Yuba/concept.codes/Macro/SanLuisObispo.2014.txt",0.309236687835843,0.407470715495435,0.0136555795150946,0.205495133276289,0.144985389224928,0.392995885015091
"136","Documents/GitHub/Yuba/concept.codes/Macro/SanLuisObispo.2015.txt",0.323368584166708,0.413698828679447,0.0163033044024212,0.230620793970644,0.150605281781393,0.423234133323869
"137","Documents/GitHub/Yuba/concept.codes/Macro/SanLuisObispo.2016.txt",0.313005703614737,0.431805830739351,0.00871960771075093,0.219311089321904,0.167155532402102,0.417272184810419
"138","Documents/GitHub/Yuba/concept.codes/Macro/SanMateo.2012.txt",0.278517992540759,0.428902348452507,0.0132574133968302,0.205035320958706,0.174551904813412,0.397535751883514
"139","Documents/GitHub/Yuba/concept.codes/Macro/SanMateo.2013.txt",0.311416536195173,0.423903244434233,0.0181981335921579,0.201755513373582,0.161176838613438,0.404648380255559
"140","Documents/GitHub/Yuba/concept.codes/Macro/SanMateo.2014.txt",0.317240071605228,0.39972304468792,0.0248455699117941,0.17933555912692,0.164277821765804,0.405863647125447
"141","Documents/GitHub/Yuba/concept.codes/Macro/SanMateo.2015.txt",0.237499007771637,0.39856079956979,0.0559126615341647,0.230868602722613,0.153308746037613,0.413209030186675
"142","Documents/GitHub/Yuba/concept.codes/Macro/SanMateo.2016.txt",0.323474186360691,0.412354214035385,0.0343925625994818,0.195124440721198,0.153416441475543,0.416874152904786
"143","Documents/GitHub/Yuba/concept.codes/Macro/SantaBarbara.2012.txt",0.299347062457943,0.415533965646174,0.0252695074566557,0.240006270606621,0.149741565820037,0.421134164305678
"144","Documents/GitHub/Yuba/concept.codes/Macro/SantaBarbara.2013.txt",0.319886342096015,0.399416856164998,0.0278969936977222,0.211973746258995,0.150366024706446,0.418278028456164
"145","Documents/GitHub/Yuba/concept.codes/Macro/SantaBarbara.2014.txt",0.305616353273407,0.420183746844523,0.0299790713566641,0.240984037922673,0.148807014810531,0.428456866631458
"146","Documents/GitHub/Yuba/concept.codes/Macro/SantaBarbara.2015.txt",0.300081388827863,0.418286854963349,0.0287068895427526,0.233589728890092,0.150496768615995,0.422916906960811
"147","Documents/GitHub/Yuba/concept.codes/Macro/SantaBarbara.2016.txt",0.316478052925582,0.416418539963746,0.0337054049684329,0.222610422159009,0.143532197387693,0.426719927579556
"148","Documents/GitHub/Yuba/concept.codes/Macro/SantaClara.2012.txt",0.279017586383059,0.456526688618889,0.0207990751922627,0.21058033170436,0.187186693979344,0.416098163567463
"149","Documents/GitHub/Yuba/concept.codes/Macro/SantaClara.2013.txt",0.277341952707256,0.449160519920533,0.0423659951330401,0.229015164128336,0.171192321043954,0.432561245520036
"150","Documents/GitHub/Yuba/concept.codes/Macro/SantaClara.2014.txt",0.295355876338497,0.448484978713376,0.0350605611975924,0.228337560618086,0.159099984780646,0.431170083454658
"151","Documents/GitHub/Yuba/concept.codes/Macro/SantaClara.2015.txt",0.262268384693431,0.440062877426025,0.0242730268007955,0.202791894368343,0.176834286895181,0.401488921507899
"152","Documents/GitHub/Yuba/concept.codes/Macro/SantaClara.2016.txt",0.278448223999945,0.437230375339915,0.0242751262864618,0.196774064451019,0.186764253466717,0.41255485710029
"153","Documents/GitHub/Yuba/concept.codes/Macro/SantaCruz.2012.txt",0.352769436055205,0.405042039015356,0.0298417917408297,0.19558967278903,0.163263724275434,0.43839716053428
"154","Documents/GitHub/Yuba/concept.codes/Macro/SantaCruz.2013.txt",0.335075408200309,0.370066060373875,0.0180029015414611,0.218949685598599,0.150521134606109,0.422242348452427
"155","Documents/GitHub/Yuba/concept.codes/Macro/SantaCruz.2014.txt",0.321070401365712,0.405330984148477,0.0502550285756737,0.213415026393634,0.150111211192273,0.443275937315435
"156","Documents/GitHub/Yuba/concept.codes/Macro/SantaCruz.2015.txt",0.317829118729015,0.41374688818274,0.0197930222240771,0.209011115594149,0.157635830115604,0.416465583833667
"157","Documents/GitHub/Yuba/concept.codes/Macro/SantaCruz.2016.txt",0.291295736580961,0.411042889337782,0.0367321784089971,0.229756264881722,0.173757045180307,0.439039613223361
"158","Documents/GitHub/Yuba/concept.codes/Macro/Shasta.2013.txt",0.321023802622642,0.417930565724188,-0.00249119392597041,0.193650977385624,0.166340010803732,0.39326336718004
"159","Documents/GitHub/Yuba/concept.codes/Macro/Shasta.2014.txt",0.303043700943729,0.398128111715389,0.00440841648149046,0.201878328582633,0.168723338522641,0.394959499234455
"160","Documents/GitHub/Yuba/concept.codes/Macro/Shasta.2015.txt",0.308555317736329,0.406585047748177,-0.00145064660694265,0.202697380196265,0.169068370621228,0.396012164205914
"161","Documents/GitHub/Yuba/concept.codes/Macro/Shasta.2016.txt",0.316354121156452,0.409646942175678,0.00620264869268681,0.195021858546949,0.175128586644603,0.403103428743529
"162","Documents/GitHub/Yuba/concept.codes/Macro/Solano.2012.txt",0.398671641865323,0.382771834763607,0.0325024727810566,0.192684509241754,0.134038366484591,0.445375802987671
"163","Documents/GitHub/Yuba/concept.codes/Macro/Solano.2013.txt",0.376678660557609,0.371409413022407,0.0241809214661339,0.199645214419067,0.13255824053779,0.428419635470555
"164","Documents/GitHub/Yuba/concept.codes/Macro/Solano.2014.txt",0.357475068846426,0.368128193952663,0.0499651598608136,0.220115217545441,0.124957961683584,0.450417289603098
"165","Documents/GitHub/Yuba/concept.codes/Macro/Solano.2015.txt",0.339495014709378,0.37424281337411,0.0177361628863795,0.200132726705401,0.151962048317003,0.417018921915062
"166","Documents/GitHub/Yuba/concept.codes/Macro/Solano.2016.txt",0.343618889723384,0.392546051187087,0.0197708448518114,0.217631615122003,0.147281396578923,0.424985027664035
"167","Documents/GitHub/Yuba/concept.codes/Macro/Sonoma.2012.txt",0.290544520540573,0.424925772230644,0.0272597826121573,0.230598564731632,0.167470976308125,0.427004748626552
"168","Documents/GitHub/Yuba/concept.codes/Macro/Sonoma.2013.txt",0.281056191667272,0.432521685558791,0.0288312704808059,0.224659134749438,0.179659407142881,0.426608650433032
"169","Documents/GitHub/Yuba/concept.codes/Macro/Sonoma.2014.txt",0.284576878231474,0.422671408938404,0.0340489738032199,0.221014645045485,0.175775655061917,0.424518661591143
"170","Documents/GitHub/Yuba/concept.codes/Macro/Sonoma.2015.txt",0.29873916755426,0.407332669062235,0.0197724897178895,0.228706180736548,0.163964872492515,0.418618985064369
"171","Documents/GitHub/Yuba/concept.codes/Macro/Sonoma.2016.txt",0.328178616251259,0.424724797155149,0.0412363294629791,0.205717420767031,0.153940681732793,0.43279379161546
"172","Documents/GitHub/Yuba/concept.codes/Macro/Stanislaus.2012.txt",0.315994063519719,0.441840629825092,0.0314269539597534,0.225728099865719,0.170880792984529,0.442188373997668
"173","Documents/GitHub/Yuba/concept.codes/Macro/Stanislaus.2013.txt",0.32599773835919,0.390369989859482,0.00954776165226,0.184928491687404,0.166981438465348,0.39748182971322
"174","Documents/GitHub/Yuba/concept.codes/Macro/Stanislaus.2014.txt",0.306255823447448,0.440363948759881,0.0239289769055117,0.216238139727488,0.165117451920686,0.421331270598424
"175","Documents/GitHub/Yuba/concept.codes/Macro/Stanislaus.2015.txt",0.287584387671604,0.406648772106937,0.0204114395873533,0.219545738224694,0.185666131046119,0.419319639923559
"176","Documents/GitHub/Yuba/concept.codes/Macro/Stanislaus.2016.txt",0.29676425451825,0.399252491602788,0.0232844346888513,0.214444568323849,0.168158260534967,0.415557751572449
"177","Documents/GitHub/Yuba/concept.codes/Macro/Sutter.2012.txt",0.34815179432585,0.371964828759941,0.0284081008558171,0.221504480371229,0.132907794987921,0.427249415449464
"178","Documents/GitHub/Yuba/concept.codes/Macro/Sutter.2013.txt",0.329233950033883,0.416377609101727,0.0282655042422304,0.219167690855458,0.146056807085858,0.428632106904178
"179","Documents/GitHub/Yuba/concept.codes/Macro/Sutter.2014.txt",0.330272480183204,0.42973626564071,0.0310213598459298,0.205214328585609,0.134949220208626,0.416365475525577
"180","Documents/GitHub/Yuba/concept.codes/Macro/Sutter.2015.txt",0.303900072853966,0.427929664646947,0.0289285404916516,0.194382820573738,0.154164524177705,0.405280942223559
"181","Documents/GitHub/Yuba/concept.codes/Macro/Sutter.2016.txt",0.306321868960376,0.398596461524736,0.0422837105834426,0.216913005038697,0.150768667862834,0.432772178876873
"182","Documents/GitHub/Yuba/concept.codes/Macro/Trinity.2013.txt",0.38527229966368,0.406586594488911,0.00313702167404285,0.178603131888174,0.12568696950981,0.399360328313336
"183","Documents/GitHub/Yuba/concept.codes/Macro/Trinity.2014.txt",0.414905592737351,0.398273843508743,-0.00485740348153449,0.131569553913613,0.156544994463474,0.399704099656493
"184","Documents/GitHub/Yuba/concept.codes/Macro/Trinity.2015.txt",0.422754588963403,0.349462768265845,-0.0490589386322516,0.0607848057112212,0.173968886941255,0.336041564604893
"185","Documents/GitHub/Yuba/concept.codes/Macro/Trinity.2016.txt",0.408539546285521,0.37781869362947,-0.0124505003822334,0.120966934643976,0.152314381364882,0.382183746893424
"186","Documents/GitHub/Yuba/concept.codes/Macro/Tulare.2012.txt",0.357416522306554,0.426459011051831,0.0235785281698502,0.170127991764946,0.151189561218893,0.415920288954229
"187","Documents/GitHub/Yuba/concept.codes/Macro/Tulare.2013.txt",0.360564849859401,0.410723682719871,0.0196350203054216,0.169358140407559,0.145720717083399,0.407884066604752
"188","Documents/GitHub/Yuba/concept.codes/Macro/Tulare.2014.txt",0.376053925149358,0.431578411048607,0.0152280573777655,0.17138524566364,0.150107548770867,0.416115293037056
"189","Documents/GitHub/Yuba/concept.codes/Macro/Tulare.2015.txt",0.360781953318135,0.405409529697685,0.0197146073899486,0.161575040185124,0.166085729836525,0.41603447848614
"190","Documents/GitHub/Yuba/concept.codes/Macro/Tulare.2016.txt",0.357432401991318,0.410676675080899,0.0288102678093878,0.186209049613113,0.150819002734853,0.427740770870532
"191","Documents/GitHub/Yuba/concept.codes/Macro/Tuolumne.2014.txt",0.335744491752887,0.389599413409738,0.022591510389017,0.201464659541768,0.168250639288398,0.425770244062121
"192","Documents/GitHub/Yuba/concept.codes/Macro/Tuolumne.2015.txt",0.328973566081778,0.372361287096798,0.072987962819463,0.202574348035387,0.097280897546215,0.428182726105842
"193","Documents/GitHub/Yuba/concept.codes/Macro/Tuolumne.2016.txt",0.30075988983249,0.350161179439986,0.0435272784293747,0.204662890477599,0.107801847575034,0.395048288178434
"194","Documents/GitHub/Yuba/concept.codes/Macro/Ventura.2015.txt",0.31126512525168,0.409677183560081,0.0162636409502117,0.232823557713203,0.160011960211302,0.421851103688797
"195","Documents/GitHub/Yuba/concept.codes/Macro/Yolo.2012.txt",0.369018656270992,0.410380355683796,0.0348322291429769,0.207038839651434,0.140271995290533,0.444919540170298
"196","Documents/GitHub/Yuba/concept.codes/Macro/Yolo.2013.txt",0.380467941350361,0.400870491475299,0.0411632302047323,0.196635100773824,0.147450246756932,0.453436501447776
"197","Documents/GitHub/Yuba/concept.codes/Macro/Yolo.2014.txt",0.383411178645389,0.401277197554308,0.028195631183219,0.211089289264314,0.151344173192357,0.452127031713106
"198","Documents/GitHub/Yuba/concept.codes/Macro/Yolo.2015.txt",0.366441693115758,0.402233706627246,0.0359021566175199,0.212686594672816,0.141932660965314,0.446500432401984
"199","Documents/GitHub/Yuba/concept.codes/Macro/Yolo.2016.txt",0.373679331032998,0.391675042200502,0.0437048904526001,0.216966593870391,0.139366702762172,0.45894012585102
"200","Documents/GitHub/Yuba/concept.codes/Macro/Yuba.2013.txt",0.329976775334278,0.41830615933627,0.0253099258534237,0.192265348046648,0.151161987128305,0.412389306268122
"201","Documents/GitHub/Yuba/concept.codes/Macro/Yuba.2014.txt",0.297347148914608,0.389739011585397,0.0630565387783597,0.225635756381399,0.142735859839038,0.446405706719331
"202","Documents/GitHub/Yuba/concept.codes/Macro/Yuba.2015.txt",0.337135478853209,0.400768092830784,0.0446281388046635,0.191001895770947,0.155690133013297,0.435313684320597
"203","Documents/GitHub/Yuba/concept.codes/Macro/Yuba.2016.txt",0.329115622258238,0.425484045387645,0.0350874323928812,0.20034765695675,0.178095670692469,0.442757131578689
"204","Documents/GitHub/Yuba/concept.codes/Micro/Alameda.2012.txt",0.251682361663948,0.374980027481665,0.0179551049270343,0.220276004881827,0.157672007989544,0.383843463708122
"205","Documents/GitHub/Yuba/concept.codes/Micro/Calaveras.2014.txt",0.259555351147644,0.405513512197656,0.0223727871473879,0.214552373810468,0.154392521842693,0.39148168336008
"206","Documents/GitHub/Yuba/concept.codes/Micro/Calaveras.2015.txt",0.245038584444583,0.413966902852537,0.0283307205452912,0.226112017023278,0.15661262245812,0.397624526120027
"207","Documents/GitHub/Yuba/concept.codes/Micro/Calaveras.2016.txt",0.256516161873019,0.40749377656899,0.0102414055687676,0.2023883929902,0.159901603736159,0.376098967611265
"208","Documents/GitHub/Yuba/concept.codes/Micro/Colusa.2016.txt",0.333493585849706,0.40749693124345,-0.0329674676743608,0.0921164650614996,0.187304973817145,0.325791229934327
"209","Documents/GitHub/Yuba/concept.codes/Micro/ContraCosta.2012.txt",0.324764366971471,0.399581872609264,-0.00306095438962478,0.170014673793485,0.164212887187089,0.382606474944616
"210","Documents/GitHub/Yuba/concept.codes/Micro/ContraCosta.2013.txt",0.342245565048783,0.420098482151238,-0.00998216003316866,0.188433430606752,0.170050306934811,0.397129465167175
"211","Documents/GitHub/Yuba/concept.codes/Micro/ContraCosta.2014.txt",0.339816267551668,0.423547944202146,-0.0138808491821381,0.190927745153761,0.166231965698948,0.392576003700083
"212","Documents/GitHub/Yuba/concept.codes/Micro/ContraCosta.2015.txt",0.336161748221584,0.426582016275363,-0.0213207646208502,0.18012026962378,0.170134022917272,0.380802517969919
"213","Documents/GitHub/Yuba/concept.codes/Micro/ContraCosta.2016.txt",0.328678011277829,0.423481287839952,0.00424036608983531,0.188793863722015,0.162642217797849,0.400897325963069
"214","Documents/GitHub/Yuba/concept.codes/Micro/ElDorado.2012.txt",0.300374134955191,0.412542255101421,0.0162652087256815,0.20805873208249,0.151840640736771,0.400449629643303
"215","Documents/GitHub/Yuba/concept.codes/Micro/ElDorado.2013.txt",0.295364511339106,0.400598736450046,0.0196450200280316,0.21499540404834,0.143491866347969,0.398711185305412
"216","Documents/GitHub/Yuba/concept.codes/Micro/ElDorado.2014.txt",0.275215352509754,0.397474409293064,0.0156093018620222,0.230677355692586,0.147570416938711,0.39588989455604
"217","Documents/GitHub/Yuba/concept.codes/Micro/ElDorado.2015.txt",0.294216600896568,0.40472211759222,0.0176315255077849,0.199227334795118,0.14127240635619,0.388370353704401
"218","Documents/GitHub/Yuba/concept.codes/Micro/ElDorado.2016.txt",0.267544672625892,0.404631633981921,0.0312724386293734,0.236958681423324,0.145411806337588,0.408959323748849
"219","Documents/GitHub/Yuba/concept.codes/Micro/Fresno.2012.txt",0.267127023371519,0.386765801154617,0.00870058984352236,0.197629839521347,0.155948421737149,0.372489925585643
"220","Documents/GitHub/Yuba/concept.codes/Micro/Fresno.2013.txt",0.267127809125142,0.382445499336051,0.0110189716364241,0.202603061504831,0.147615184933757,0.373084654760116
"221","Documents/GitHub/Yuba/concept.codes/Micro/Fresno.2014.txt",0.272447055819354,0.383847225423362,0.0129198652952533,0.207977030372686,0.144361600339732,0.377834102736411
"222","Documents/GitHub/Yuba/concept.codes/Micro/Fresno.2015.txt",0.260189694230812,0.394081440939658,0.01003695545858,0.207979177478513,0.149857630739285,0.372914933458902
"223","Documents/GitHub/Yuba/concept.codes/Micro/Fresno.2016.txt",0.263363421287818,0.394509795836795,-0.000134259440730652,0.201685435588686,0.156125135654689,0.365001594412666
"224","Documents/GitHub/Yuba/concept.codes/Micro/Inyo.2012.txt",0.214428933433936,0.411333586257056,0.043488271861267,0.247437631320541,0.159369694146561,0.406682104268862
"225","Documents/GitHub/Yuba/concept.codes/Micro/Inyo.2013.txt",0.211675517096423,0.415209241538353,0.0422960994533499,0.245153359593302,0.166783072276857,0.407014266820978
"226","Documents/GitHub/Yuba/concept.codes/Micro/Inyo.2014.txt",0.217120855730847,0.412838417712747,0.0422983320004598,0.247174939922441,0.162335492194757,0.407311756478241
"227","Documents/GitHub/Yuba/concept.codes/Micro/Inyo.2015.txt",0.224134837293568,0.427067898976858,0.0275386708206733,0.231249106977645,0.176798854896026,0.397295756618152
"228","Documents/GitHub/Yuba/concept.codes/Micro/Inyo.2016.txt",0.217114241260937,0.423734124573771,0.0336630658933074,0.242875254625229,0.17186117299635,0.403501732941792
"229","Documents/GitHub/Yuba/concept.codes/Micro/Kern.2012.txt",0.253024344872731,0.418178022594795,0.00678318723590762,0.220656030565818,0.165010144875508,0.383595770975271
"230","Documents/GitHub/Yuba/concept.codes/Micro/Kern.2013.txt",0.253198003379086,0.409302162997673,0.00623559630898597,0.220652819002397,0.162157053647396,0.380526316395308
"231","Documents/GitHub/Yuba/concept.codes/Micro/Kern.2014.txt",0.286054964005371,0.406742642129328,-0.000559616427029622,0.207370993064906,0.150466335887233,0.375794373144127
"232","Documents/GitHub/Yuba/concept.codes/Micro/Kern.2015.txt",0.279686147294836,0.411747038097031,0.0157868117193317,0.2137392978396,0.154611177214582,0.392604957629137
"233","Documents/GitHub/Yuba/concept.codes/Micro/Kern.2016.txt",0.292126654432319,0.411034392000976,0.00684736970479146,0.194918416266803,0.152612827668286,0.380734955895703
"234","Documents/GitHub/Yuba/concept.codes/Micro/Kings.2012.txt",0.243105311582141,0.412135858034435,0.0121271987725708,0.221431897197403,0.168877075905436,0.386668087820112
"235","Documents/GitHub/Yuba/concept.codes/Micro/Kings.2013.txt",0.236223648581683,0.407500397798003,0.0176767728905281,0.233502682325362,0.164259738801648,0.391955863022696
"236","Documents/GitHub/Yuba/concept.codes/Micro/Kings.2014.txt",0.228360827489457,0.411012814058663,0.0212244917361718,0.232422578141001,0.167976783985399,0.392704341450612
"237","Documents/GitHub/Yuba/concept.codes/Micro/Kings.2015.txt",0.223504867014261,0.406784546427315,0.0169196309950014,0.229535058840151,0.171869130748335,0.387808059258927
"238","Documents/GitHub/Yuba/concept.codes/Micro/Kings.2016.txt",0.225834893330258,0.403529455243737,0.0148906842768957,0.235245807810429,0.174632967265894,0.391029788640578
"239","Documents/GitHub/Yuba/concept.codes/Micro/LosAngeles.2012.txt",0.249926947167019,0.414008002118332,0.0116880164501174,0.233305960692017,0.16520700916481,0.391757080428342
"240","Documents/GitHub/Yuba/concept.codes/Micro/LosAngeles.2013.txt",0.238821674273402,0.412769547402717,0.0129192148872386,0.232036741978923,0.170409589056154,0.388916004465235
"241","Documents/GitHub/Yuba/concept.codes/Micro/LosAngeles.2014.txt",0.236411785926716,0.408915799353254,0.020692552592494,0.232376232922042,0.165804562298058,0.392588319077199
"242","Documents/GitHub/Yuba/concept.codes/Micro/LosAngeles.2015.txt",0.236414168489692,0.414317787554008,0.0167645953508855,0.237218926560946,0.171100262461207,0.39564238358253
"243","Documents/GitHub/Yuba/concept.codes/Micro/LosAngeles.2016.txt",0.24295401862729,0.407500589107903,0.0163714680561334,0.240056339531339,0.167509689872668,0.398031744656141
"244","Documents/GitHub/Yuba/concept.codes/Micro/Marin.2012.txt",0.21602214055244,0.405735607264504,0.0307828837517246,0.265080168589409,0.152790483365052,0.402138435698908
"245","Documents/GitHub/Yuba/concept.codes/Micro/Marin.2013.txt",0.217161820143723,0.400848543746435,0.040253018838722,0.268299077864871,0.148322487229203,0.410706204102181
"246","Documents/GitHub/Yuba/concept.codes/Micro/Marin.2014.txt",0.204134458148841,0.406133678769473,0.0429964645304759,0.267814408700669,0.153267014129497,0.410041652598479
"247","Documents/GitHub/Yuba/concept.codes/Micro/Marin.2015.txt",0.213536759165427,0.402252603522366,0.0646970724033019,0.28165162697974,0.139960737527612,0.433149555562392
"248","Documents/GitHub/Yuba/concept.codes/Micro/Marin.2016.txt",0.211780235990867,0.396254313187333,0.0296432097172537,0.274356768983717,0.156456683542816,0.407223395626512
"249","Documents/GitHub/Yuba/concept.codes/Micro/Mariposa.2012.txt",0.294277573812743,0.392629030629903,0.0184761565642057,0.179061747502856,0.144311671934494,0.377490869508613
"250","Documents/GitHub/Yuba/concept.codes/Micro/Mariposa.2013.txt",0.285235398173026,0.406740934150425,0.0198343370501266,0.207868773501926,0.15128865701452,0.394332938409342
"251","Documents/GitHub/Yuba/concept.codes/Micro/Mariposa.2014.txt",0.279852182041201,0.402004993726772,0.0185487605775764,0.212203201857397,0.154500082750707,0.394779949285815
"252","Documents/GitHub/Yuba/concept.codes/Micro/Mariposa.2015.txt",0.277975440411124,0.406556593931781,0.0152806939015612,0.204238009298234,0.159977524904376,0.387322372820556
"253","Documents/GitHub/Yuba/concept.codes/Micro/Mariposa.2016.txt",0.28021477784183,0.403968856453114,0.0124214534402837,0.214125647681712,0.159218574553002,0.393265089283203
"254","Documents/GitHub/Yuba/concept.codes/Micro/Mendocino.2012.txt",0.230526943682465,0.425665030804555,0.0237693171815956,0.259721081358221,0.165546585879184,0.406166608309582
"255","Documents/GitHub/Yuba/concept.codes/Micro/Mendocino.2013.txt",0.211525178981883,0.414665307978379,0.0369893384419725,0.269032361073841,0.167327092954563,0.414806850719232
"256","Documents/GitHub/Yuba/concept.codes/Micro/Mendocino.2014.txt",0.195949417222597,0.418962041635573,0.0311450547682284,0.25570240352991,0.175567990937254,0.399521796313004
"257","Documents/GitHub/Yuba/concept.codes/Micro/Mendocino.2015.txt",0.214291955862204,0.417264966362502,0.029412593792375,0.25567973577727,0.172466169878942,0.405766479882313
"258","Documents/GitHub/Yuba/concept.codes/Micro/Mono.2012.txt",0.236932394363719,0.388862406746725,0.0573592305472898,0.25511110476396,0.152996667816569,0.429318618450697
"259","Documents/GitHub/Yuba/concept.codes/Micro/Mono.2013.txt",0.226666209137171,0.384694207553446,0.0519714504980017,0.246465037535815,0.155987662003377,0.418132036174392
"260","Documents/GitHub/Yuba/concept.codes/Micro/Mono.2015.txt",0.214715811105531,0.392108310045295,0.0472683038825022,0.249467482496781,0.156646243411128,0.409834738522655
"261","Documents/GitHub/Yuba/concept.codes/Micro/Mono.2016.txt",0.240979682559534,0.371548698252082,0.0735424935887642,0.169516917771022,0.118267393235741,0.376027992035684
"262","Documents/GitHub/Yuba/concept.codes/Micro/Monterey.2012.txt",0.248944745467258,0.421142170148951,0.00484523710430901,0.251887986554286,0.166817491622521,0.397432267151774
"263","Documents/GitHub/Yuba/concept.codes/Micro/Monterey.2013.txt",0.258578108138604,0.429637614141859,0.00606248978839359,0.246411128973488,0.165474438684444,0.401010178297983
"264","Documents/GitHub/Yuba/concept.codes/Micro/Monterey.2014.txt",0.250190444433237,0.420374832801741,0.00777021198736189,0.249655623197748,0.160881157361063,0.396446894030186
"265","Documents/GitHub/Yuba/concept.codes/Micro/Monterey.2015.txt",0.233487866086198,0.416175309418926,0.0102919429984225,0.24766906129516,0.163666137457071,0.388713218108826
"266","Documents/GitHub/Yuba/concept.codes/Micro/Monterey.2016.txt",0.235267710780219,0.421626283954713,0.00799814485035364,0.242771005514411,0.170059820369253,0.390626542476588
"267","Documents/GitHub/Yuba/concept.codes/Micro/Napa.2012.txt",0.220078724071799,0.403257206757501,0.0282430517120967,0.264616201975471,0.173839801712759,0.41175323157682
"268","Documents/GitHub/Yuba/concept.codes/Micro/Napa.2013.txt",0.229590561400733,0.402968085792985,0.0346615284207925,0.260504570346535,0.168204622904478,0.418794100185779
"269","Documents/GitHub/Yuba/concept.codes/Micro/Napa.2014.txt",0.225026822407394,0.416204034929529,0.0253294264618659,0.26293154395078,0.163656329996475,0.406677036876034
"270","Documents/GitHub/Yuba/concept.codes/Micro/Napa.2015.txt",0.216746784054143,0.411672380838289,0.0305980719445931,0.271633926345907,0.166560895321907,0.413415385546694
"271","Documents/GitHub/Yuba/concept.codes/Micro/Napa.2016.txt",0.208316085998687,0.411454705233436,0.0254922857445893,0.266583450266455,0.169690354210041,0.402941245613424
"272","Documents/GitHub/Yuba/concept.codes/Micro/Nevada.2016.txt",0.207619486753321,0.403145903453813,0.0223826240949452,0.257345908113566,0.162170860439166,0.390803408808028
"273","Documents/GitHub/Yuba/concept.codes/Micro/Orange.2012.txt",0.264658035951985,0.424851017650699,0.00823514635362137,0.218671798983266,0.171551666032901,0.395739944874625
"274","Documents/GitHub/Yuba/concept.codes/Micro/Orange.2013.txt",0.26955199821922,0.422458910417048,0.00678153192129031,0.219319295787791,0.169517256762788,0.394315764525036
"275","Documents/GitHub/Yuba/concept.codes/Micro/Orange.2014.txt",0.263864520499006,0.409974909924401,0.00929785517700473,0.214535427489316,0.171821978119219,0.392648112529709
"276","Documents/GitHub/Yuba/concept.codes/Micro/Orange.2015.txt",0.261075313491472,0.400413351169393,0.0106269319355522,0.213805693774389,0.164466868304488,0.387233784333151
"277","Documents/GitHub/Yuba/concept.codes/Micro/Orange.2016.txt",0.252967660875256,0.399597237688816,0.0120549772995224,0.223242319070055,0.165186071789777,0.388689188540841
"278","Documents/GitHub/Yuba/concept.codes/Micro/Placer.2013.txt",0.232351073483875,0.41909003795244,0.0218413842546513,0.22757113232519,0.156588052659181,0.3846195617338
"279","Documents/GitHub/Yuba/concept.codes/Micro/Placer.2014.txt",0.234581135573339,0.405670074900805,0.0258113255318156,0.239067922031255,0.150498344393749,0.392510531921282
"280","Documents/GitHub/Yuba/concept.codes/Micro/Placer.2015.txt",0.226776352497483,0.401129238728819,0.027852274916621,0.252562355720188,0.144108563282404,0.39392529062455
"281","Documents/GitHub/Yuba/concept.codes/Micro/Placer.2016.txt",0.23445363111716,0.420023313219937,0.0483660752319763,0.237466575068308,0.163633445511079,0.421490248453897
"282","Documents/GitHub/Yuba/concept.codes/Micro/Riverside.2013.txt",0.31304589282802,0.41141661461015,0.025369814309932,0.194137588046525,0.15612109958727,0.409023801094916
"283","Documents/GitHub/Yuba/concept.codes/Micro/Riverside.2014.txt",0.31242755968105,0.41760004796937,0.0270937047758297,0.206857927088627,0.151653754321595,0.414454496277765
"284","Documents/GitHub/Yuba/concept.codes/Micro/Riverside.2015.txt",0.298711134463217,0.406801814770245,0.0242236714320765,0.211190507019056,0.147198954160739,0.406482600179971
"285","Documents/GitHub/Yuba/concept.codes/Micro/Riverside.2016.txt",0.300238233057119,0.427785764044467,0.0171545342630682,0.201787875809849,0.148473153646214,0.395742496128825
"286","Documents/GitHub/Yuba/concept.codes/Micro/San Diego.2013.txt",0.189448064840151,0.395366548644073,0.0156738453880518,0.257001752149166,0.16099167071,0.374383973450663
"287","Documents/GitHub/Yuba/concept.codes/Micro/San Diego.2014.txt",0.197295686982034,0.409902517828531,0.012301705717275,0.252905889383679,0.167087013884562,0.377466379571343
"288","Documents/GitHub/Yuba/concept.codes/Micro/San Diego.2015.txt",0.191270712069316,0.401838346514684,0.0117180404519747,0.259493610210151,0.165226207832183,0.375840866078696
"289","Documents/GitHub/Yuba/concept.codes/Micro/San Diego.2016.txt",0.194945948703835,0.407412283758711,0.00525495458746468,0.26280105628803,0.164563647106613,0.374575876591289
"290","Documents/GitHub/Yuba/concept.codes/Micro/SanBenito.2013.txt",0.250343384726319,0.429503898230578,0.0286022472868523,0.248591995733695,0.157485060753487,0.41191080614608
"291","Documents/GitHub/Yuba/concept.codes/Micro/SanBenito.2014.txt",0.233388938465277,0.421496834573374,0.0375381244528308,0.258868451122782,0.171962143406378,0.426212985347848
"292","Documents/GitHub/Yuba/concept.codes/Micro/SanBenito.2016.txt",0.23788813421908,0.43346901226301,0.0165702912349919,0.231241546335143,0.178643287635914,0.400397793239693
"293","Documents/GitHub/Yuba/concept.codes/Micro/SanBernardino.2012.txt",0.233849441138172,0.420928064941824,0.0305774512303967,0.259100415436325,0.157743758514026,0.411017049390194
"294","Documents/GitHub/Yuba/concept.codes/Micro/SanBernardino.2013.txt",0.212520855656796,0.445171174272965,0.0563165439002549,0.28740821207482,0.177568207823948,0.448548812199013
"295","Documents/GitHub/Yuba/concept.codes/Micro/SanBernardino.2015.txt",0.216705157142458,0.426338037867781,0.0292928036889416,0.261588764031419,0.172565889140244,0.408681895235652
"296","Documents/GitHub/Yuba/concept.codes/Micro/SanBernardino.2016.txt",0.233437695285726,0.439646134471083,0.0350599398824665,0.266853225019153,0.165304813675766,0.42235224358186
"297","Documents/GitHub/Yuba/concept.codes/Micro/SanDiego.2012.txt",0.193810291692401,0.403358773116628,0.0222872214216296,0.255820683289909,0.166214604423955,0.385280924861581
"298","Documents/GitHub/Yuba/concept.codes/Micro/SanFrancisco.2012.txt",0.230687264806019,0.40059368996904,0.0151819697945681,0.225275146537128,0.161257159825173,0.377117858750199
"299","Documents/GitHub/Yuba/concept.codes/Micro/SanFrancisco.2013.txt",0.230352840812951,0.379714304625695,0.0166956215993704,0.213683518885125,0.153166796932714,0.367359171709855
"300","Documents/GitHub/Yuba/concept.codes/Micro/SanFrancisco.2015.txt",0.209843454828281,0.397047109316747,0.0204206948654001,0.226514652510367,0.164127723186793,0.372741210686863
"301","Documents/GitHub/Yuba/concept.codes/Micro/SanLuisObispo.2014.txt",0.209273694650155,0.412354597470497,0.038788787863628,0.266088412123617,0.171861284729447,0.418494347298459
"302","Documents/GitHub/Yuba/concept.codes/Micro/SanLuisObispo.2015.txt",0.207184474309409,0.40589895103765,0.0345296640866549,0.264101106442214,0.164388447486472,0.405005355523765
"303","Documents/GitHub/Yuba/concept.codes/Micro/SanLuisObispo.2016.txt",0.211204039823388,0.410374146032521,0.0335814985574583,0.263020998262171,0.160617919167626,0.407054694688106
"304","Documents/GitHub/Yuba/concept.codes/Micro/SanMateo.2012.txt",0.253236551098041,0.435154388173189,0.0326214140795243,0.26507079051393,0.157427426872096,0.426563105094406
"305","Documents/GitHub/Yuba/concept.codes/Micro/SanMateo.2013.txt",0.216465018665311,0.432905679197311,0.0550351914915831,0.266651255279372,0.168951468576123,0.435296072675071
"306","Documents/GitHub/Yuba/concept.codes/Micro/SanMateo.2015.txt",0.209198823208181,0.40730614671115,0.0352643370994038,0.278728430982949,0.171424712459143,0.421831345786423
"307","Documents/GitHub/Yuba/concept.codes/Micro/SantaBarbara.2012.txt",0.224529378372232,0.422057520229578,0.0389524520588898,0.263469897861542,0.164950315793443,0.420098406608116
"308","Documents/GitHub/Yuba/concept.codes/Micro/SantaBarbara.2013.txt",0.231051728128163,0.418162223545122,0.0276720567571437,0.268766823118579,0.168477358083621,0.419787127070401
"309","Documents/GitHub/Yuba/concept.codes/Micro/SantaBarbara.2014.txt",0.23111037067724,0.415452813026792,0.0311432616965421,0.259052656675741,0.17042517119174,0.418367673880867
"310","Documents/GitHub/Yuba/concept.codes/Micro/SantaBarbara.2015.txt",0.221063822952442,0.412475984443634,0.0173607071164722,0.269951621290525,0.181592339127158,0.41319906262405
"311","Documents/GitHub/Yuba/concept.codes/Micro/SantaBarbara.2016.txt",0.222061343294622,0.420499348257165,0.0259295276522696,0.259595049355161,0.180651068562894,0.416352277769737
"312","Documents/GitHub/Yuba/concept.codes/Micro/SantaClara.2012.txt",0.218362277482447,0.421382118722785,0.0230501167056218,0.254838343563257,0.155779207862572,0.393526110517479
"313","Documents/GitHub/Yuba/concept.codes/Micro/SantaClara.2013.txt",0.217142758298854,0.406400695747441,0.0225792945125079,0.262844724051532,0.151124808723856,0.395030527015717
"314","Documents/GitHub/Yuba/concept.codes/Micro/SantaClara.2014.txt",0.207437495034505,0.412182120143549,0.0239795784460795,0.254322833093155,0.16280100385466,0.392430376857806
"315","Documents/GitHub/Yuba/concept.codes/Micro/SantaClara.2015.txt",0.201881885862386,0.401948468622681,0.0293170513678675,0.264548071668227,0.150173990260108,0.392505362188967
"316","Documents/GitHub/Yuba/concept.codes/Micro/SantaClara.2016.txt",0.189309245493275,0.406447614907156,0.0264312154879572,0.263573233144953,0.155137336665948,0.38633525621688
"317","Documents/GitHub/Yuba/concept.codes/Micro/SantaCruz.2012.txt",0.222338740076125,0.416864599910876,0.0687991222311741,0.233751460575599,0.180627005080386,0.438818250034646
"318","Documents/GitHub/Yuba/concept.codes/Micro/SantaCruz.2013.txt",0.22341625793525,0.416037122182301,0.059524156544884,0.285283801400823,0.167234473236257,0.450023469560696
"319","Documents/GitHub/Yuba/concept.codes/Micro/SantaCruz.2014.txt",0.241890609998255,0.414379675509777,0.0726811641616681,0.265926085953116,0.160532909993312,0.459575153588782
"320","Documents/GitHub/Yuba/concept.codes/Micro/SantaCruz.2015.txt",0.25184184896474,0.398647201101947,0.0427944017036968,0.261923455622533,0.158167959050935,0.432040532389264
"321","Documents/GitHub/Yuba/concept.codes/Micro/SantaCruz.2016.txt",0.248688276973585,0.417469570367568,0.0535234415258297,0.27251639973343,0.161497450524478,0.448761328676384
"322","Documents/GitHub/Yuba/concept.codes/Micro/Shasta.2013.txt",0.321371935956247,0.432498132117729,0.00516857215249259,0.204339601618058,0.173065812459259,0.410344994220351
"323","Documents/GitHub/Yuba/concept.codes/Micro/Shasta.2014.txt",0.299329648344231,0.422249797141669,0.0212338406639576,0.19835406212944,0.167892865327625,0.404900837685082
"324","Documents/GitHub/Yuba/concept.codes/Micro/Shasta.2015.txt",0.30832452381629,0.421866704962145,0.0240644365738956,0.200639101144041,0.170061788222895,0.415923852619116
"325","Documents/GitHub/Yuba/concept.codes/Micro/Shasta.2016.txt",0.308794984709847,0.423268719163258,0.0180865690402503,0.20275358839001,0.172927049598064,0.413559068890428
"326","Documents/GitHub/Yuba/concept.codes/Micro/Solano.2012.txt",0.287132183317783,0.400011644312304,0.0385859474902741,0.215696395128609,0.160348332899162,0.422889009401248
"327","Documents/GitHub/Yuba/concept.codes/Micro/Solano.2013.txt",0.259373800039777,0.409875918946519,0.0341240110925882,0.235820490862557,0.168890344730613,0.420402980262633
"328","Documents/GitHub/Yuba/concept.codes/Micro/Solano.2014.txt",0.270045757856016,0.391199790330259,0.046969268189045,0.238829591992829,0.153247518773474,0.430873757446723
"329","Documents/GitHub/Yuba/concept.codes/Micro/Solano.2015.txt",0.250733830332514,0.389878363602673,0.0408644890022309,0.242738494266788,0.154419149773858,0.418242633741382
"330","Documents/GitHub/Yuba/concept.codes/Micro/Solano.2016.txt",0.242750712949315,0.397007783451576,0.0344440572565666,0.254188464622961,0.159358585617239,0.416303554650121
"331","Documents/GitHub/Yuba/concept.codes/Micro/Sonoma.2012.txt",0.212842966844503,0.406393290138017,0.0364726148140572,0.259733740637553,0.164957128121087,0.407820262994107
"332","Documents/GitHub/Yuba/concept.codes/Micro/Sonoma.2013.txt",0.205444269544576,0.407402347561313,0.0404460317292549,0.25621954167,0.176625582652323,0.413226095779681
"333","Documents/GitHub/Yuba/concept.codes/Micro/Sonoma.2014.txt",0.229109085977935,0.412524341563256,0.0371509205541515,0.250178228026609,0.175124356375553,0.418010655840667
"334","Documents/GitHub/Yuba/concept.codes/Micro/Sonoma.2015.txt",0.219306241887708,0.415366375625576,0.0428061027087952,0.268984613281868,0.164613613348385,0.422687858604606
"335","Documents/GitHub/Yuba/concept.codes/Micro/Sonoma.2016.txt",0.215436141273332,0.386747954929328,0.0453652387178302,0.261072072110228,0.150145890947918,0.411190015728496
"336","Documents/GitHub/Yuba/concept.codes/Micro/Stanislaus.2012.txt",0.255992322972787,0.408297917406192,0.039723759478257,0.22372320129907,0.169333341196639,0.416492880840991
"337","Documents/GitHub/Yuba/concept.codes/Micro/Stanislaus.2013.txt",0.254857503858658,0.419375960372943,0.0328543227822576,0.231378241693479,0.172907755624583,0.416352959754934
"338","Documents/GitHub/Yuba/concept.codes/Micro/Stanislaus.2014.txt",0.259329784393455,0.415443238848124,0.0284154079665742,0.227472509683435,0.180378345153171,0.415837219316092
"339","Documents/GitHub/Yuba/concept.codes/Micro/Stanislaus.2015.txt",0.230529829050006,0.430176238506393,0.0296484579963732,0.250369810278053,0.182474038921821,0.416505972896168
"340","Documents/GitHub/Yuba/concept.codes/Micro/Stanislaus.2016.txt",0.224979317994889,0.403934150201692,0.0346225499876946,0.2501039932341,0.178821132226121,0.416273550094473
"341","Documents/GitHub/Yuba/concept.codes/Micro/Sutter.2012.txt",0.294253068432716,0.408805116876226,0.0154412515755096,0.194049561022898,0.144194093554313,0.383615751869464
"342","Documents/GitHub/Yuba/concept.codes/Micro/Sutter.2013.txt",0.303582968262667,0.398987917609436,0.0111281712730368,0.195323270199552,0.138680140962245,0.381636394238227
"343","Documents/GitHub/Yuba/concept.codes/Micro/Sutter.2014.txt",0.311679851450536,0.395005727995047,0.00351324910079748,0.192631174081819,0.132019454044199,0.372018991767448
"344","Documents/GitHub/Yuba/concept.codes/Micro/Sutter.2015.txt",0.285330337801466,0.410731898607759,0.00414994455955732,0.206121205996751,0.150647383036669,0.379062717784493
"345","Documents/GitHub/Yuba/concept.codes/Micro/Sutter.2016.txt",0.272740319288985,0.395846238588336,0.010798048660383,0.204035599760887,0.151511450063122,0.376021273044452
"346","Documents/GitHub/Yuba/concept.codes/Micro/Trinity.2013.txt",0.251168588096888,0.425041942556569,0.0358131754937886,0.23494898390862,0.171068240017193,0.420843624698344
"347","Documents/GitHub/Yuba/concept.codes/Micro/Trinity.2014.txt",0.23413125031014,0.431710609197532,0.0245130173435598,0.240185166173973,0.174285357153751,0.404420448832735
"348","Documents/GitHub/Yuba/concept.codes/Micro/Trinity.2016.txt",0.241878220995409,0.427621219448035,0.0461958996831286,0.250898214595815,0.154114048485247,0.421712219407774
"349","Documents/GitHub/Yuba/concept.codes/Micro/Tulare.2012.txt",0.211266190412901,0.396533051339499,0.0322470300719362,0.265343598156702,0.162265656781252,0.40549784055226
"350","Documents/GitHub/Yuba/concept.codes/Micro/Tulare.2013.txt",0.196677136629522,0.397375683121338,0.0294496720259666,0.260646083395308,0.172981429765733,0.398690335542029
"351","Documents/GitHub/Yuba/concept.codes/Micro/Tulare.2014.txt",0.185782721799705,0.408428366444074,0.0562495133055881,0.266297116472185,0.162199954389275,0.413586283159689
"352","Documents/GitHub/Yuba/concept.codes/Micro/Tulare.2015.txt",0.196663247386778,0.404959257359672,0.0442228470938373,0.259453476679998,0.167197014186547,0.409189342387645
"353","Documents/GitHub/Yuba/concept.codes/Micro/Tulare.2016.txt",0.194147455365274,0.412356062784211,0.039076518259093,0.253488138470478,0.179757133388735,0.407545918799948
"354","Documents/GitHub/Yuba/concept.codes/Micro/Ventura.2013.txt",0.212378683864213,0.396462467492982,0.0170093462153161,0.244981326682647,0.171636261919425,0.387875607957748
"355","Documents/GitHub/Yuba/concept.codes/Micro/Ventura.2014.txt",0.211524391988328,0.389422241490333,0.0174259798766979,0.245937322676815,0.165364747198737,0.384636453332731
"356","Documents/GitHub/Yuba/concept.codes/Micro/Ventura.2015.txt",0.212799184293237,0.394866270960321,0.0167138292289603,0.250575785574268,0.166981985737965,0.388550921315093
"357","Documents/GitHub/Yuba/concept.codes/Micro/Ventura.2016.txt",0.20187566240755,0.384917318015749,0.0190080850854616,0.244126457092504,0.165594290194234,0.380069708331562
"358","Documents/GitHub/Yuba/concept.codes/Micro/Yolo.2012.txt",0.231914414955175,0.423292488866207,0.0347874880695214,0.264807057717011,0.178518310069764,0.428363689273909
"359","Documents/GitHub/Yuba/concept.codes/Micro/Yolo.2013.txt",0.220028116416233,0.429963579244953,0.0409469737583276,0.274056849046926,0.172609520078569,0.428796508276003
"360","Documents/GitHub/Yuba/concept.codes/Micro/Yolo.2014.txt",0.225289606424712,0.421422984822016,0.033978571746724,0.2637875560186,0.173376371820151,0.419112479852158
"361","Documents/GitHub/Yuba/concept.codes/Micro/Yolo.2015.txt",0.215678291381957,0.424608778196699,0.0364894874897978,0.258935786916892,0.180882708759427,0.418107358467477
"362","Documents/GitHub/Yuba/concept.codes/Micro/Yolo.2016.txt",0.224362880046906,0.410589948419292,0.0300547105585,0.278472864676237,0.164354229334728,0.418699214595453
"363","Documents/GitHub/Yuba/concept.codes/Micro/Yuba.2013.txt",0.231353352103182,0.413583223562852,0.0389619786963041,0.256216760286039,0.171138975494943,0.421416015618862
"364","Documents/GitHub/Yuba/concept.codes/Micro/Yuba.2014.txt",0.23253015591573,0.420284964369788,0.0406316674081124,0.257960816052197,0.165362718256548,0.422318474602358
"365","Documents/GitHub/Yuba/concept.codes/Micro/Yuba.2015.txt",0.235486066451731,0.416789849956978,0.0441190526512517,0.254016741620922,0.16147802218769,0.422993221294475
"366","Documents/GitHub/Yuba/concept.codes/Micro/Yuba.2016.txt",0.230034212029924,0.413884219888694,0.0341578715375307,0.252619324792928,0.166137245970982,0.413499801874257
